Timestamp,Robot,Delta_muestra,Input_d,d_ref,vel_ref,Input_vel,Input_theta,Output_d,Output_vel,Output_theta,curvatura,vel_crucero,curvatura_predecesor,control
2022-11-14 20:35:57.063360,L,0.08490252494812012,10,10,30.0,-2.5822895335121435e-11,0.14742955977708055,0,400.4287896818224,-118.33652664515115,0,15.0,0.0,True
2022-11-14 20:35:57.163307,L,0.09331393241882324,10,10,30.0,0.12406140681325649,0.15005518143020438,0,369.04814667287184,-120.84000794734187,0,15.0,0.0,True
2022-11-14 20:35:57.265206,L,0.08254027366638184,10,10,30.0,15.350855198068242,0.15160067546839426,0,170.43014638507793,-122.45170388124055,0,15.0,0.0,True
2022-11-14 20:35:57.330989,L,0.07762002944946289,10,10,30.0,26.54935955233223,0.14812622649410062,0,40.60414751599328,-120.01643669974766,0,15.0,0.0,True
2022-11-14 20:35:57.408278,L,0.07687878608703613,10,10,30.0,21.35958193271788,0.08807560346154486,0,125.38794487727924,-72.17170918231278,0,15.0,0.0,True
2022-11-14 20:35:57.480050,L,0.07678008079528809,10,10,30.0,9.235441002314456,0.0839314982533279,0,283.1063847020726,-69.05702437369678,0,15.0,0.0,True
2022-11-14 20:35:57.547232,L,0.07685017585754395,10,10,30.0,6.650695822735191,0.08318852641183226,0,305.284741958659,-68.65488154608123,0,15.0,0.0,True
2022-11-14 20:35:57.639547,L,0.07696413993835449,10,10,30.0,12.604786424616204,0.08206960647782494,0,225.41372575035334,-67.94918939518342,0,15.0,0.0,True
2022-11-14 20:35:57.714559,L,0.07731795310974121,10,10,30.0,19.615515409591666,0.08149009307955626,0,141.5595790025374,-67.67466852243726,0,15.0,0.0,True
2022-11-14 20:35:57.794105,L,0.07718873023986816,10,10,30.0,19.793512827197134,0.07946711966172759,0,149.83606246508126,-66.2401216405857,0,15.0,0.0,True
2022-11-14 20:35:57.874160,L,0.07683587074279785,10,10,30.0,14.437303921211885,0.07511351277529148,0,223.7036906464696,-62.93007396639257,0,15.0,0.0,True
2022-11-14 20:35:57.957048,L,0.08359622955322266,10,10,30.0,11.133126210613154,0.07214503536953083,0,263.4897917100489,-60.736435144126986,0,15.0,0.0,True
2022-11-14 20:35:58.179602,L,0.0882563591003418,10,10,30.0,12.966174776923001,0.06728174233533404,0,238.47039256353236,-57.023746020530716,0,15.0,0.0,True
2022-11-14 20:35:58.179602,L,0.08716559410095215,10,10,30.0,17.018594549644202,0.06082569098945446,0,189.53227357691154,-52.01777254513489,0,15.0,0.0,True
2022-11-14 20:35:58.219967,L,0.08758234977722168,10,10,30.0,18.639491473992024,0.008739730562023333,0,174.8698634457477,-10.366761168310022,0,15.0,0.0,True
2022-11-14 20:35:58.312040,L,0.09003400802612305,10,10,30.0,16.26443005715698,0.0017898527048397378,0,210.33260945679794,-4.816868478129135,0,15.0,0.0,True
2022-11-14 20:35:58.413604,L,0.08393597602844238,10,10,30.0,13.606744318427477,-0.0023406904384260818,0,245.50517075697525,-1.5068197299842414,0,15.0,0.0,True
2022-11-14 20:35:58.484093,L,0.08796381950378418,10,10,30.0,13.354625036538437,-0.006422155919399077,0,248.57927574625958,1.775272062975351,0,15.0,0.0,True
2022-11-14 20:35:58.572388,L,0.08785820007324219,10,10,30.0,15.32364091881222,-0.009128422666855067,0,225.00221579925105,3.9641896974827286,0,15.0,0.0,True
2022-11-14 20:35:58.660739,L,0.08706045150756836,10,10,30.0,17.595993122275345,-0.010017358437612303,0,199.52483007689534,4.701295865466196,0,15.0,0.0,True
2022-11-14 20:35:58.795328,L,0.08536863327026367,10,10,30.0,17.612949751652536,-0.05963274548497014,0,204.0265042707196,44.55203827613556,0,15.0,0.0,True
2022-11-14 20:35:58.858339,L,0.0877833366394043,10,10,30.0,15.618143421839342,-0.059366231331085165,0,232.78143804039803,44.48932566972202,0,15.0,0.0,True
2022-11-14 20:35:58.927418,L,0.08956694602966309,10,10,30.0,14.55090354755811,-0.0030393365350690365,0,247.27490854754495,-0.5702818876706632,0,15.0,0.0,True
2022-11-14 20:35:59.010475,L,0.08579039573669434,10,10,30.0,15.890178066782914,0.003009569920412305,0,230.87193246943374,-5.4115690937961425,0,15.0,0.0,True
2022-11-14 20:35:59.160261,L,0.08686494827270508,10,10,30.0,17.43281976806074,0.05406050579221527,0,214.32871957870293,-46.39836864945113,0.0321439287598338,15.0,0.0,False
2022-11-14 20:35:59.189069,L,0.08846902847290039,10,10,30.0,17.172016585522798,-0.0004133590943070584,0,221.79882041394282,-2.8061452153793573,0.0321439287598338,15.0,0.0,False
2022-11-14 20:35:59.276358,L,0.08895707130432129,10,10,30.0,16.73584125137121,-0.05507210772611592,0,229.58833097530004,41.06781229481609,0.0321439287598338,15.0,0.0,False
2022-11-14 20:35:59.367289,L,0.0907433032989502,10,10,30.0,16.639032011501925,-0.0071004182228150145,0,232.79124216672002,2.6983592314647287,0.0321439287598338,15.0,0.0,False
2022-11-14 20:35:59.454689,L,0.08609652519226074,10,10,30.0,17.95153803802399,-0.0038431369618926,0,217.48468777804953,0.10736884256292559,0.0321439287598338,15.0,0.0,False
2022-11-14 20:35:59.578647,L,0.09094834327697754,12.0,10,30.0,18.505856452466794,-0.002451627551118862,0,213.8385851040185,-0.9989242131025023,0.0321439287598338,15.0,0.0,False
2022-11-14 20:35:59.637641,L,0.09132552146911621,12.0,10,30.0,16.95671573133626,0.0019705716781773398,0,237.1164148877712,-4.5424137249627465,0.0321439287598338,15.0,0.0,False
2022-11-14 20:35:59.712824,L,0.08657979965209961,12.0,10,30.0,16.086640926812375,0.00047950241593719905,0,249.2751993925442,-3.350147328979555,0.0321439287598338,15.0,0.0,False
2022-11-14 20:35:59.813931,L,0.08493995666503906,12.0,10,30.0,16.940849181269424,3.143705555916971e-05,0,239.23258673984068,-2.9918946167771776,0.0321439287598338,15.0,0.0,False
2022-11-14 20:35:59.911320,L,0.08476400375366211,12.0,10,30.0,18.46965990859367,-0.0022386758640995934,0,222.04362643056498,-1.1698964423255966,0.0321439287598338,15.0,0.0,False
2022-11-14 20:35:59.987839,L,0.09102773666381836,12.0,10,30.0,18.46864508551625,0.0007326835237427347,0,225.95987387676786,-3.5495790274801515,0.0321439287598338,15.0,0.0,False
2022-11-14 20:36:00.081535,L,0.08594393730163574,12.0,10,30.0,17.479340071685428,8.479250428229027e-05,0,241.13367387930037,-3.0310830251375718,0.0321439287598338,15.0,0.0,False
2022-11-14 20:36:00.163131,L,0.08768391609191895,12.0,10,30.0,16.572603404172824,-0.00010478099983833068,0,254.25223916981878,-2.8792023587971816,0.0321439287598338,15.0,0.0,False
2022-11-14 20:36:00.253577,L,0.08968424797058105,12.0,10,30.0,16.7852338686798,0.0019771017137197575,0,252.79980154993171,-4.550281730867111,0.0321439287598338,15.0,0.0,False
2022-11-14 20:36:00.347692,L,0.09420132637023926,12.0,10,30.0,18.208762976605108,0.001557667147133007,0,236.66488433007012,-4.218859446888567,0.0321439287598338,15.0,0.0,False
2022-11-14 20:36:00.429538,L,0.0871589183807373,18.1,10,30.0,18.3220389414966,0.00036303731688898155,0,238.72244092175598,-3.2640123028180685,0.0321439287598338,15.0,0.0,False
2022-11-14 20:36:00.512720,L,0.08811402320861816,21.7,10,30.0,18.475353416488964,0.0029529004089752352,0,238.86960248824786,-5.344139519733404,0.0321439287598338,15.0,0.0,False
2022-11-14 20:36:00.760985,L,0.08366203308105469,21.7,10,30.0,18.225077490439553,0.000829790948135588,0,244.31628819939203,-3.647186917052841,0.0321439287598338,15.0,0.0,False
2022-11-14 20:36:00.760985,L,0.08477663993835449,21.7,10,30.0,17.777850816696123,0.006174667287679989,0,251.98369789194953,-7.939676252904224,0.0321439287598338,15.0,0.0,False
2022-11-14 20:36:00.783497,L,0.08961057662963867,21.7,10,30.0,17.84975578831348,0.007792844468637057,0,252.69064213321568,-9.254717749381166,0.0321439287598338,15.0,0.0,False
2022-11-14 20:36:00.891765,L,0.08842945098876953,21.7,10,30.0,18.752430727701157,0.0089683028906796,0,242.9072318081555,-10.218828697351729,0.01206078380715636,15.0,0.0,False
2022-11-14 20:36:01.027438,L,0.08642029762268066,21.7,10,30.0,19.37006560411593,0.005177647258190333,0,237.6389956135831,-7.199156249501792,0.01206078380715636,15.0,0.0,False
2022-11-14 20:36:01.160913,L,0.08460330963134766,21.7,10,30.0,18.95193447485748,0.00139390900216917,0,245.7348877629368,-4.1756949214884775,0.01206078380715636,15.0,0.0,False
2022-11-14 20:36:01.170065,L,0.08581733703613281,21.7,10,30.0,18.588774981838192,0.003857172040682968,0,251.9803153706017,-6.156969987773723,0.01206078380715636,15.0,0.0,False
2022-11-14 20:36:01.305837,L,0.0933985710144043,21.7,10,30.0,18.134787800281607,-0.0037530033725526038,0,259.7074470569797,-0.05721206062245288,0.01206078380715636,15.0,0.0,False
2022-11-14 20:36:01.319832,L,0.09317493438720703,21.7,10,30.0,19.262633712105853,-0.05417755277841592,0,246.4776671857776,40.438464170277456,0.01206078380715636,15.0,0.0,False
2022-11-14 20:36:01.553951,L,0.08531069755554199,17.6,10,30.0,20.483021137473433,-0.0065195999664957776,0,233.23675795878174,2.317789456303771,0.0024436296229892775,15.0,0.0,True
2022-11-14 20:36:01.570873,L,0.08316993713378906,17.6,10,30.0,20.315354247955305,-0.002601666709355404,0,238.4918199149154,-0.8049504131532266,0.0024436296229892775,15.0,0.0,True
2022-11-14 20:36:01.577880,L,0.08819699287414551,17.6,10,30.0,18.620871912954577,-0.002123643438049526,0,262.5524694352462,-1.1813331850859332,0.0024436296229892775,15.0,0.0,True
2022-11-14 20:36:01.749790,L,0.08855652809143066,31.0,10,30.0,17.906535307557633,-0.0029333730775528218,0,272.15181667549217,-0.5256107574544405,0.0024436296229892775,15.0,0.0,True
2022-11-14 20:36:01.753794,L,0.08645892143249512,31.0,10,30.0,19.700718586174055,-0.005235017771854074,0,249.5207162627158,1.3294581937380752,0.0024436296229892775,15.0,0.0,True
2022-11-14 20:36:01.910497,L,0.08721685409545898,31.0,10,30.0,20.662957037380743,-0.004363149047850423,0,240.57446447568623,0.6430132404129998,0.0024436296229892775,15.0,0.0,True
2022-11-14 20:36:01.936417,L,0.09300780296325684,31.0,10,30.0,19.7309612797901,-0.007553402249887366,0,255.7739481477966,3.2167345373105833,0.0024436296229892775,15.0,0.0,True
2022-11-14 20:36:02.029531,L,0.08716869354248047,31.0,10,30.0,18.665000947883165,-0.005643625823715908,0,270.7623949550428,1.7031097221556055,0.0024436296229892775,15.0,0.0,True
2022-11-14 20:36:02.175638,L,0.08396172523498535,31.0,10,30.0,18.74559893646854,-0.0034941183145496433,0,270.366232618358,-0.0077320398087788985,0.0024436296229892775,15.0,0.0,True
2022-11-14 20:36:02.204428,L,0.09000062942504883,31.0,10,30.0,19.304252773915895,-0.0012541195644415748,0,265.06290611520535,-1.7963377699966723,0.0024436296229892775,15.0,0.0,True
2022-11-14 20:36:02.392975,L,0.0882720947265625,39.3,10,30.0,19.861622165790422,-0.0015032087550876823,0,260.1536452934032,-1.592808570562557,0.0024436296229892775,15.0,0.0,True
2022-11-14 20:36:02.393975,L,0.08913731575012207,39.3,10,30.0,19.51058558753818,-0.0020356146878731415,0,267.26131819691904,-1.1614088370605509,0.0024436296229892775,15.0,0.0,True
2022-11-14 20:36:02.511739,L,0.08782386779785156,39.3,10,30.0,19.780873237888198,0.0038275764596545805,0,265.11125631252844,-5.8627736688296626,0.0024436296229892775,15.0,0.0,True
2022-11-14 20:36:02.554471,L,0.08670496940612793,39.3,10,30.0,20.45467170656766,0.005437515465565693,0,258.2115742039763,-7.164386734111819,0.0024436296229892775,15.0,0.0,True
2022-11-14 20:36:02.726498,L,0.08545446395874023,36.3,10,30.0,20.622257234124596,0.0019646609607889744,0,258.38429324628527,-4.390547723382454,0.0024436296229892775,15.0,0.0,True
2022-11-14 20:36:02.726498,L,0.08768653869628906,36.3,10,30.0,20.110549867651923,-0.001404678679733725,0,267.038800193202,-1.6914030186573337,0.0024436296229892775,15.0,0.0,True
2022-11-14 20:36:02.864576,L,0.09135818481445312,36.3,10,30.0,20.372047076203618,-0.004646917893663879,0,264.79022103142205,0.9150950169090497,0.0024436296229892775,15.0,0.0,True
2022-11-14 20:36:02.906329,L,0.08746194839477539,36.3,10,30.0,20.782724063976264,-0.0038459440317672616,0,261.2911026075916,0.2839606673193538,0.0024436296229892775,15.0,0.0,True
2022-11-14 20:36:03.027710,L,0.08698725700378418,36.3,10,30.0,21.421189520877476,-0.004650685480068275,0,254.85758498541588,0.9400744294162894,0.0016360106228189971,15.0,0.0,True
2022-11-14 20:36:03.194931,L,0.08683180809020996,36.3,10,30.0,20.646285435266346,-0.006043458082679583,0,267.40722936925994,2.070103329605466,0.0016360106228189971,15.0,0.0,True
2022-11-14 20:36:03.205601,L,0.0881812572479248,36.3,10,30.0,20.34421359515554,-0.008442658709689188,0,272.1851484815257,4.011910036133318,0.0016360106228189971,15.0,0.0,True
2022-11-14 20:36:03.406585,L,0.09001016616821289,36.3,10,30.0,20.727819584237757,-0.009683191353303117,0,268.48231900197027,5.030349466270782,0.0016360106228189971,15.0,0.0,True
2022-11-14 20:36:03.412212,L,0.08775091171264648,36.3,10,30.0,21.002120126690535,-0.009664223256518013,0,266.88344759074636,5.0404763379188555,0.0012017074613096337,15.0,0.0,True
2022-11-14 20:36:03.544465,L,0.08758664131164551,36.3,10,30.0,21.13715166538367,-0.01120504849288451,0,266.9740242232386,6.302756985611857,0.0012017074613096337,15.0,0.0,True
2022-11-14 20:36:03.544465,L,0.09263086318969727,36.3,10,30.0,20.88870455415485,-0.06241889895504259,0,272.06574500626687,47.452647740574335,0.0012017074613096337,15.0,0.0,True
2022-11-14 20:36:03.776330,L,0.08596634864807129,36.3,10,30.0,20.562727301093556,-0.01034910474457415,0,277.71102746441426,5.811916806625998,0.0012017074613096337,15.0,0.0,True
2022-11-14 20:36:03.777331,L,0.08638978004455566,36.3,10,30.0,20.668494903882987,-0.0031478661320739937,0,277.55248719433797,0.0643076425219394,0.0012017074613096337,15.0,0.0,True
2022-11-14 20:36:03.880132,L,0.08914923667907715,36.3,10,30.0,19.85519193141466,-0.0024658449879542427,0,290.1556511590713,-0.4739573548357371,0.0012017074613096337,15.0,0.0,True
2022-11-14 20:36:03.880132,L,0.08729243278503418,36.3,10,30.0,21.495921007320476,-0.0024446326849457923,0,269.1597142488721,-0.4844511859329503,0.0012017074613096337,15.0,0.0,True
2022-11-14 20:36:04.105810,L,0.09110665321350098,36.3,10,30.0,20.68178990949633,-0.0022280522176679816,0,283.4003692095588,-0.6516471904954203,0.0009439767223920643,15.0,0.0,True
2022-11-14 20:36:04.121428,L,0.09237813949584961,36.3,10,30.0,20.982120165151414,-0.004735369543536922,0,280.2438041596158,1.3676252001402105,0.0009439767223920643,15.0,0.0,True
2022-11-14 20:36:04.159121,L,0.08974790573120117,36.3,10,30.0,21.206983859268107,-0.00967089070088959,0,279.1983087056195,5.342358904352685,0.0009439767223920643,15.0,0.0,True
2022-11-14 20:36:04.247706,L,0.08785128593444824,36.3,10,30.0,21.377430489726386,-0.00986385306643978,0,278.7244899028069,5.522197395113556,0.0009439767223920643,15.0,0.0,True
2022-11-14 20:36:04.331781,L,0.08379840850830078,36.3,10,30.0,21.86324212825749,-0.007799732275399383,0,273.87272368698683,3.890240632356794,0.0009439767223920643,15.0,0.0,True
2022-11-14 20:36:04.429818,L,0.08384108543395996,36.3,10,30.0,20.791997199878907,-0.00944827720868799,0,290.1291280309391,5.233284140632266,0.0009439767223920643,15.0,0.0,True
2022-11-14 20:36:04.502945,L,0.08751702308654785,36.3,10,30.0,20.216199558720213,-0.0048006001553188345,0,298.1314155486529,1.5270188378645673,0.0012123010544509844,15.0,0.0,True
2022-11-14 20:36:04.578985,L,0.08545327186584473,36.3,10,30.0,21.971832971009757,-0.00192065767326448,0,275.7234591818881,-0.7718173131037175,0.0012123010544509844,15.0,0.0,True
2022-11-14 20:36:04.675878,L,0.08630657196044922,36.3,10,30.0,23.209160583791256,-0.0013236380690700225,0,262.6685688173094,-1.2457379912553068,0.0012123010544509844,15.0,0.0,True
2022-11-14 20:36:04.763222,L,0.0863351821899414,36.3,10,30.0,22.55337838585389,-0.00202214248062016,0,274.0169854766181,-0.6815469204242126,0.0012123010544509844,15.0,0.0,True
2022-11-14 20:36:04.851042,L,0.08589768409729004,36.3,10,30.0,21.2183147225169,0.00034885139331095836,0,292.34107400841924,-2.5795979168416747,0.0012123010544509844,15.0,0.0,True
2022-11-14 20:36:04.939389,L,0.08924555778503418,36.3,10,30.0,20.398362440405663,-5.57974586810245e-07,0,303.2588194347998,-2.299753751808266,0.0012123010544509844,15.0,0.0,True
2022-11-14 20:36:05.027792,L,0.0877687931060791,36.3,10,30.0,21.87483726774292,-0.0027727775755670226,0,284.3664010714598,-0.07440046742485985,0.0012123010544509844,15.0,0.0,True
2022-11-14 20:36:05.115682,L,0.0871882438659668,36.3,10,30.0,23.25090401744255,-0.004118255594341946,0,269.13444486739775,1.0125923157136747,0.0012123010544509844,15.0,0.0,True
2022-11-14 20:36:05.203007,L,0.08534026145935059,36.3,10,30.0,22.210144308450083,-0.0031863387222322384,0,285.7509502674838,0.2749529885300218,0.0012123010544509844,15.0,0.0,True
2022-11-14 20:36:05.295584,L,0.0947256088256836,36.3,10,30.0,21.871936530408803,-0.006343320109289224,0,290.4868132892345,2.8190068205400176,0.0012123010544509844,15.0,0.0,True
2022-11-14 20:36:05.379336,L,0.0879065990447998,36.3,10,30.0,22.440404774025033,-0.004234622883861203,0,283.9905585416179,1.1426434233479177,0.001878635101405003,15.0,0.0,True
2022-11-14 20:36:05.477826,L,0.09234476089477539,36.3,10,30.0,23.309401491831814,-0.0026895406823832313,0,274.50391915613636,-0.08589882552577613,0.001878635101405003,15.0,0.0,True
2022-11-14 20:36:05.566549,L,0.0863957405090332,36.3,10,30.0,23.855271593377115,-0.002212292724566285,0,269.32444462510534,-0.46185113477521705,0.001878635101405003,15.0,0.0,True
2022-11-14 20:36:05.662994,L,0.08636355400085449,36.3,10,30.0,22.62987916026289,-0.002517487614989776,0,287.3528755305456,-0.21108206896402418,0.001878635101405003,15.0,0.0,True
2022-11-14 20:36:05.741149,L,0.08761906623840332,36.3,10,30.0,21.302750943580072,-0.004521979847790324,0,304.89828389300953,1.4045915019627804,0.001878635101405003,15.0,0.0,True
2022-11-14 20:36:05.828639,L,0.08710455894470215,36.3,10,30.0,21.620782531179337,-0.007674266977370499,0,300.6618692994872,3.946608238230627,0.001878635101405003,15.0,0.0,True
2022-11-14 20:36:05.916719,L,0.08806729316711426,36.3,10,30.0,21.568255123453493,-0.0012000696836220008,0,303.2020794584285,-1.230676029103618,0.001878635101405003,15.0,0.0,True
2022-11-14 20:36:06.004799,L,0.08659577369689941,36.3,10,30.0,22.731929610275778,-0.0003464026874084931,0,289.09330879365973,-1.912073154410829,0.001878635101405003,15.0,0.0,True
2022-11-14 20:36:06.105424,L,0.0878915786743164,36.3,10,30.0,22.732086778521452,-0.007718702151768593,0,291.71262124168686,4.007056060025591,0.001878635101405003,15.0,0.0,True
2022-11-14 20:36:06.181493,L,0.0879659652709961,36.3,10,30.0,23.51977659536191,-0.05868450217566668,0,282.5051520874468,44.939518259793466,0.001878635101405003,15.0,0.0,True
2022-11-14 20:36:06.270574,L,0.0879664421081543,36.3,10,30.0,22.674450652284573,-0.06023148670054104,0,295.79428093259685,46.330438419101434,0.001878635101405003,15.0,0.0,True
2022-11-14 20:36:06.357653,L,0.08722591400146484,36.3,10,30.0,22.700091172644463,-0.059060344672726854,0,295.76971748039267,45.54776244707341,0.001878635101405003,15.0,0.0,True
2022-11-14 20:36:06.444732,L,0.08622503280639648,36.3,10,30.0,23.105810803640257,-0.007602697192268375,0,291.6488450380614,4.395477180936805,0.001878635101405003,15.0,0.0,True
2022-11-14 20:36:06.545823,L,0.0861508846282959,36.3,10,30.0,22.910472116263865,-0.0038260382089271563,0,295.9117234636674,1.3895679458728907,0.001878635101405003,15.0,0.0,True
2022-11-14 20:36:06.620100,L,0.08629989624023438,36.3,10,30.0,23.949731587843704,-0.006266586796323135,0,283.0539028226774,3.358952165325423,0.001878635101405003,15.0,0.0,True
2022-11-14 20:36:06.720189,L,0.08405065536499023,36.3,10,30.0,23.33559672819795,-0.05793079900596841,0,293.47873022240043,44.84225957784574,0.003800199907791043,15.0,0.0,True
2022-11-14 20:36:06.790270,L,0.08696603775024414,36.3,10,30.0,22.86119176115692,-0.06158670391052642,0,300.2280912721165,47.92193563837769,0.003800199907791043,15.0,0.0,True
2022-11-14 20:36:06.877332,L,0.08679962158203125,36.3,10,30.0,22.42353213963044,-0.06107662374894818,0,306.753988153779,47.67243519567106,0.003800199907791043,15.0,0.0,True
2022-11-14 20:36:06.964410,L,0.08652472496032715,36.3,10,30.0,23.181194840267672,-0.0603391821333411,0,297.4621475362455,47.23908037358542,0.003800199907791043,15.0,0.0,True
2022-11-14 20:36:07.077513,L,0.08566761016845703,36.3,10,30.0,24.346137168812362,-0.06053572052752292,0,283.96736588605296,47.55199777513006,0.003800199907791043,15.0,0.0,True
2022-11-14 20:36:07.135567,L,0.0848841667175293,36.3,10,30.0,24.00719886405253,-0.06073011727792836,0,290.8111483700212,47.862165896890644,0.003800199907791043,15.0,0.0,True
2022-11-14 20:36:07.219643,L,0.08354592323303223,36.3,10,30.0,22.568584193527744,-0.05967696611997989,0,310.6389031091166,47.16906902946562,0.009862679653280772,15.0,0.0,True
2022-11-14 20:36:07.305721,L,0.08545398712158203,36.3,10,30.0,22.546466524586943,-0.058153348929290354,0,310.4821212035057,46.09920610259351,0.009862679653280772,15.0,0.0,True
2022-11-14 20:36:07.390799,L,0.08493804931640625,36.3,10,30.0,22.858377408399107,-0.009214339996661719,0,307.5592774102041,6.96589496544263,0.009862679653280772,15.0,0.0,True
2022-11-14 20:36:07.491044,L,0.0865163803100586,36.3,10,30.0,24.217727706595113,-0.001170453525238611,0,291.04361229387933,0.5386556671605217,0.009862679653280772,15.0,0.0,True
2022-11-14 20:36:07.565102,L,0.08633208274841309,36.3,10,30.0,24.655090045155173,-0.053267569384037546,0,287.78273970560093,42.36127361581973,0.016011365685287413,15.0,0.0,False
2022-11-14 20:36:07.651181,L,0.08507394790649414,36.3,10,30.0,23.75725156062854,-0.06754480357462146,0,301.18095910347205,53.95109377353464,0.016011365685287413,15.0,0.0,False
2022-11-14 20:36:07.792194,L,0.08498191833496094,36.3,10,30.0,22.465627387734727,-0.07434273979964853,0,318.4255387914703,59.57809812559241,0.016011365685287413,15.0,0.0,False
2022-11-14 20:36:07.820624,L,0.08528852462768555,36.3,10,30.0,22.023515834215484,-0.07700147769946436,0,324.08997307302576,61.90162052543143,0.016011365685287413,15.0,0.0,False
2022-11-14 20:36:07.933727,L,0.08732271194458008,36.3,10,30.0,23.676074034212192,-0.08236495881385812,0,302.95287535496084,66.4084778433502,0.016011365685287413,15.0,0.0,False
2022-11-14 20:36:07.996057,L,0.0852665901184082,36.3,10,30.0,25.122879219835283,-0.08980208672059337,0,286.6185944432123,72.58815170721631,0.018946522583699672,15.0,0.0,False
2022-11-14 20:36:08.081134,L,0.08642959594726562,36.3,10,30.0,24.368488158153454,-0.09380816854627276,0,299.21438656078345,76.03584251835396,0.018946522583699672,15.0,0.0,False
2022-11-14 20:36:08.172217,L,0.0881342887878418,36.3,10,30.0,23.40970886631044,-0.1565184178726827,0,312.09642232679147,126.62453296129333,0.018946522583699672,15.0,0.0,False
2022-11-14 20:36:08.257295,L,0.08517074584960938,36.3,10,30.0,22.44634114192234,-0.21737302450170196,0,324.9867763664608,175.863662649331,0.018946522583699672,15.0,0.0,False
2022-11-14 20:36:08.342971,L,0.08591556549072266,36.3,10,30.0,22.597725012389592,-0.21970446792913417,0,323.13480878916437,178.28822475109868,0.018946522583699672,15.0,0.0,False
2022-11-14 20:36:08.456195,L,0.08684778213500977,36.3,10,30.0,24.716122254656586,-0.21867464430647063,0,296.3688216877935,178.03371814648645,0.018946522583699672,15.0,0.0,False
2022-11-14 20:36:08.527242,L,0.08536338806152344,36.3,10,30.0,26.239129638597987,-0.16257201758426376,0,279.38987552804105,133.56149408165902,0.03412232873960187,15.0,0.0,False
2022-11-14 20:36:08.604328,L,0.08794260025024414,36.3,10,30.0,25.243126843403903,-0.1443103729996978,0,295.0952786472988,119.33740496780725,0.03412232873960187,15.0,0.0,False
2022-11-14 20:36:08.761135,L,0.0918889045715332,36.3,10,30.0,22.524348630537695,-0.08568036102186657,0,330.92068253415806,72.66528363016197,0.03412232873960187,15.0,0.0,False
2022-11-14 20:36:08.788122,L,0.0904541015625,36.3,10,30.0,21.66495754425789,-0.08024204384799408,0,340.7325717885693,68.53815585889181,0.03412232873960187,15.0,0.0,False
2022-11-14 20:36:08.875200,L,0.08655095100402832,36.3,10,30.0,19.745028511272405,-0.0749102054791121,0,366.8150545082203,64.46717683881741,0.048136641640788055,15.0,0.0,False
2022-11-14 20:36:08.966284,L,0.09117007255554199,36.3,10,30.0,23.772921326823898,-0.07410823999073199,0,312.9795237219324,64.02882612758019,0.048136641640788055,15.0,0.0,False
2022-11-14 20:36:09.055365,L,0.08799624443054199,36.3,10,30.0,25.531458492151483,-0.08132660945934587,0,295.08308341929535,70.01912305655566,0.048136641640788055,15.0,0.0,False
2022-11-14 20:36:09.143445,L,0.0874631404876709,36.3,10,30.0,24.620325375568378,-0.13414729496226713,0,309.99788409001115,112.6328786595782,0.048136641640788055,15.0,0.0,False
2022-11-14 20:36:09.230541,L,0.08693647384643555,36.3,10,30.0,22.663604452306693,-0.13789450457996716,0,335.9631500395016,115.9846800481561,0.048136641640788055,15.0,0.0,False
2022-11-14 20:36:09.323616,L,0.0929265022277832,36.3,10,30.0,22.872354817611665,-0.13807203367132706,0,332.30745166295577,116.5112079313483,0.03412232873960187,15.0,0.0,False
2022-11-14 20:36:09.417692,L,0.09296202659606934,36.3,10,30.0,24.091924329305986,-0.1338732600935394,0,317.68381045256734,113.52507218637786,0.03412232873960187,15.0,0.0,False
2022-11-14 20:36:09.505771,L,0.08733487129211426,36.3,10,30.0,25.205885058186187,-0.13340016762182394,0,305.19006417520063,113.49651029860587,0.03412232873960187,15.0,0.0,False
2022-11-14 20:36:09.590885,L,0.0847313404083252,36.3,10,30.0,25.92998728169887,-0.09002122669641312,0,297.6114717895639,79.01712071801595,0.03412232873960187,15.0,0.0,False
2022-11-14 20:36:09.679182,L,0.08591485023498535,36.3,10,30.0,24.711783866353837,-0.14553814409753363,0,315.41109092843294,123.817352714298,0.03412232873960187,15.0,0.0,False
2022-11-14 20:36:09.762156,L,0.08769702911376953,36.3,10,30.0,23.094358341462822,-0.16432171901492898,0,336.45781955751306,139.27220846332153,0.03412232873960187,15.0,0.0,False
2022-11-14 20:36:09.846745,L,0.09325623512268066,36.3,10,30.0,23.213004021901394,-0.1694616469649216,0,334.3283719951122,143.85666076968593,0.048136641640788055,15.0,0.0,False
2022-11-14 20:36:09.949153,L,0.0888667106628418,36.3,10,30.0,25.011101236580224,-0.16872949856702843,0,311.74176072553183,143.72014156814933,0.048136641640788055,15.0,0.0,False
2022-11-14 20:36:10.039398,L,0.08838415145874023,36.3,10,30.0,26.257342208320203,-0.15991114052241295,0,298.06178888929026,137.0885481029336,0.048136641640788055,15.0,0.0,False
2022-11-14 20:36:10.129480,L,0.0879974365234375,36.3,10,30.0,25.69070293445623,-0.14431768854514737,0,307.6738290369308,124.99399981612092,0.05282017612945658,15.0,0.0,False
2022-11-14 20:36:10.212588,L,0.08754873275756836,36.3,10,30.0,24.812179719696864,-0.08401291631103745,0,319.4840224271135,76.96572265673103,0.05282017612945658,15.0,0.0,False
2022-11-14 20:36:10.303593,L,0.08872079849243164,36.3,10,30.0,24.6190011040488,-0.07513681891133818,0,321.97124888656964,70.070718378891,0.05282017612945658,15.0,0.0,False
2022-11-14 20:36:10.394658,L,0.08920526504516602,36.3,10,30.0,24.84416973008217,-0.0704796018591258,0,319.7189258012256,66.53403765815625,0.05282017612945658,15.0,0.0,False
2022-11-14 20:36:10.487743,L,0.09352326393127441,36.3,10,30.0,25.508986206831334,-0.06873512394595395,0,312.12271611781966,65.33164087171512,0.05282017612945658,15.0,0.0,False
2022-11-14 20:36:10.575823,L,0.08741474151611328,36.3,10,30.0,25.62484859645554,-0.05869260232567723,0,312.07558638812674,57.45057922793456,0.05282017612945658,15.0,0.0,False
2022-11-14 20:36:10.682920,L,0.08610701560974121,36.3,10,30.0,25.75635060513808,0.0029794058428095458,0,311.20820228726774,8.099262845677938,0.05282017612945658,15.0,0.0,False
2022-11-14 20:36:10.749981,L,0.08486151695251465,36.3,10,30.0,24.79215924139317,0.06039078211251707,0,324.95130234131483,-37.98318682189517,0.05282017612945658,15.0,0.0,False
2022-11-14 20:36:10.844745,L,0.09534096717834473,36.3,10,30.0,24.80985693080629,0.06224873219561656,0,324.5738401829543,-39.64102209095968,0.05282017612945658,15.0,0.0,False
2022-11-14 20:36:10.938831,L,0.09094762802124023,36.3,10,30.0,24.564988831726897,0.060080749347507054,0,328.78866341903387,-38.070128610431375,0.05282017612945658,15.0,0.0,False
2022-11-14 20:36:11.024909,L,0.08762335777282715,36.3,10,30.0,24.930372350822065,0.05744518272716203,0,324.60626272259896,-36.11261910160333,0.05282017612945658,15.0,0.0,False
2022-11-14 20:36:11.123999,L,0.08717989921569824,36.3,10,30.0,24.847763673229807,0.003970354019399402,0,327.0076595920422,6.6626928775609775,0.037404847142871976,15.0,0.0,False
2022-11-14 20:36:11.207075,L,0.09341835975646973,36.3,10,30.0,24.25772025669897,-0.00821993486966809,0,335.69790671166186,16.43313183898773,0.037404847142871976,15.0,0.0,False
2022-11-14 20:36:11.296156,L,0.08881950378417969,36.3,10,30.0,25.21092452031012,-0.006801370240950558,0,323.4053756757608,15.314938339111198,0.037404847142871976,15.0,0.0,False
2022-11-14 20:36:11.382251,L,0.08557820320129395,36.3,10,30.0,24.532248554543727,-0.00635077598507101,0,334.3515681577383,14.97087463460651,0.020584658600087614,15.0,0.0,False
2022-11-14 20:36:11.492867,L,0.08537030220031738,36.3,10,30.0,25.27428263254944,-0.0040045183303691985,0,324.591788743797,13.10390233896584,0.020584658600087614,15.0,0.0,False
2022-11-14 20:36:11.552922,L,0.08467888832092285,36.3,10,30.0,24.493064361498597,-0.0020453546994684615,0,336.69081056994366,11.541810854231942,0.020584658600087614,15.0,0.0,False
2022-11-14 20:36:11.646006,L,0.08632302284240723,36.3,10,30.0,25.509735251064953,0.0023447641541317027,0,323.16566905155753,8.02336635263258,0.020584658600087614,15.0,0.0,False
2022-11-14 20:36:11.728289,L,0.08873462677001953,36.3,10,30.0,27.143562300113643,0.05487504479397159,0,303.4031752263736,-34.152349019399,0.020584658600087614,15.0,0.0,False
2022-11-14 20:36:11.821490,L,0.09129524230957031,36.3,10,30.0,25.144607272114516,0.006367649445549666,0,332.3079849551285,4.647360351277517,0.0044419114748364815,15.0,0.0,True
2022-11-14 20:36:11.915567,L,0.08663582801818848,36.3,10,30.0,25.12636457923652,-0.05130632290715739,0,331.20286684880904,50.921231019771284,0.0044419114748364815,15.0,0.0,True
2022-11-14 20:36:12.004665,L,0.09415745735168457,36.3,10,30.0,24.792772558168856,-0.001756489304556899,0,336.51980460207255,11.274406232903305,0.0044419114748364815,15.0,0.0,True
2022-11-14 20:36:12.095783,L,0.0937345027923584,36.3,10,30.0,24.357866887890154,0.05457597126828011,0,342.90608214529186,-33.94577911664869,0.0044419114748364815,15.0,0.0,True
2022-11-14 20:36:12.187225,L,0.08690118789672852,36.3,10,30.0,26.857318028513355,0.05743549948826186,0,310.1186989224149,-36.3774573525253,0.0044419114748364815,15.0,0.0,True
2022-11-14 20:36:12.273320,L,0.08691072463989258,36.3,10,30.0,28.422903024946724,0.005913906985434604,0,292.68063982879744,4.830654351898891,0.0044419114748364815,15.0,0.0,True
2022-11-14 20:36:12.360906,L,0.08804893493652344,36.3,10,30.0,27.087583872511757,0.006066759956876555,0,312.53527620060805,4.686401356888339,0.00017185187553694044,15.0,0.0,True
2022-11-14 20:36:12.452832,L,0.0894932746887207,36.3,10,30.0,24.433856540225868,0.0013942781256199273,0,346.8249854934296,8.421182930678933,0.00017185187553694044,15.0,0.0,True
2022-11-14 20:36:12.544038,L,0.0867915153503418,36.3,10,30.0,22.07890835648073,0.002082359404267856,0,376.207388671665,7.86469458988668,0.00017185187553694044,15.0,0.0,True
2022-11-14 20:36:12.644094,L,0.08403778076171875,36.3,10,30.0,22.38866241256617,0.0015178182654103944,0,370.68769161783655,8.312647335464316,0.0044419114748364815,15.0,0.0,True
2022-11-14 20:36:12.729124,L,0.0872640609741211,36.3,10,30.0,26.61176943243232,0.0003364269438982217,0,316.1308805869579,9.256947857368663,0.0044419114748364815,15.0,0.0,True
2022-11-14 20:36:12.799806,L,0.08750748634338379,36.3,10,30.0,29.02530626130892,0.003778344767521378,0,289.4203901696518,6.492965885292168,0.0044419114748364815,15.0,0.0,True
2022-11-14 20:36:12.894127,L,0.08628320693969727,36.3,10,30.0,27.375272367152736,0.005866906971340359,0,314.34417506870295,4.80708092522743,0.0044419114748364815,15.0,0.0,True
2022-11-14 20:36:12.974561,L,0.08643078804016113,36.3,10,30.0,24.76623892203523,0.05755792080285468,0,347.6635850562567,-36.70071199970367,0.0044419114748364815,15.0,0.0,True
2022-11-14 20:36:13.062250,L,0.08705353736877441,36.3,10,30.0,24.315489961091252,0.05842017702978207,0,351.56143066164594,-37.53720589705306,0.0017638353081636563,15.0,0.0,True
2022-11-14 20:36:13.149141,L,0.08693146705627441,36.3,10,30.0,26.45979439668473,-0.0008396302129482371,0,323.4608435266085,9.879745496638016,0.0017638353081636563,15.0,0.0,True
2022-11-14 20:36:13.249240,L,0.08637428283691406,36.3,10,30.0,28.48115350959943,-0.009372682985989339,0,299.59334095536366,16.724645552148527,0.0017638353081636563,15.0,0.0,True
2022-11-14 20:36:13.325317,L,0.08812355995178223,36.3,10,30.0,28.064412238939678,-0.010669361063616219,0,307.74851618105816,17.78935390390514,0.0017638353081636563,15.0,0.0,True
2022-11-14 20:36:13.411410,L,0.09719181060791016,36.3,10,30.0,25.549694848630118,-0.0566220000638739,0,340.90466147523665,54.72114183823401,0.0017638353081636563,15.0,0.0,True
2022-11-14 20:36:13.520350,L,0.08740353584289551,36.3,10,30.0,25.01523889159046,-0.005340554563275606,0,346.2136095826577,13.699393697298575,0.0017638353081636563,15.0,0.0,True
2022-11-14 20:36:13.599137,L,0.08647441864013672,36.3,10,30.0,24.992748285648226,0.0021415383288056035,0,346.76402267444143,7.713165702367186,0.0017638353081636563,15.0,0.0,True
2022-11-14 20:36:13.694690,L,0.09558415412902832,36.3,10,30.0,23.76312084834169,0.05607121350780204,0,363.972271563697,-35.59613690313538,0.0017638353081636563,15.0,0.0,True
2022-11-14 20:36:13.785196,L,0.08814740180969238,36.3,10,30.0,27.40813604519906,0.05839522662029744,0,315.2674506654098,-37.604390554447775,0.001666396175207855,15.0,0.0,True
2022-11-14 20:36:13.874294,L,0.08904910087585449,36.3,10,30.0,27.769833382359263,0.06008576650919342,0,315.05323015279936,-39.117266162844636,0.001666396175207855,15.0,0.0,True
2022-11-14 20:36:13.965592,L,0.09014725685119629,36.3,10,30.0,27.290804107733123,0.0042603811166302885,0,322.2275973242496,5.537902832849842,0.001666396175207855,15.0,0.0,True
2022-11-14 20:36:14.054690,L,0.0880587100982666,36.3,10,30.0,26.62927133249805,-0.05468284050287298,0,330.97948995265034,52.83744007987029,0.001666396175207855,15.0,0.0,True
2022-11-14 20:36:14.147757,L,0.09242963790893555,36.3,10,30.0,27.018034932294476,-0.061119018471498664,0,325.6937251509919,58.149861422231005,0.001666396175207855,15.0,0.0,True
2022-11-14 20:36:14.235997,L,0.08772587776184082,36.3,10,30.0,27.30965916035357,-0.059347548551419785,0,322.75443766654683,56.88797669472995,0.0031496810370303194,15.0,0.0,True
2022-11-14 20:36:14.325094,L,0.08813023567199707,36.3,10,30.0,25.40123444319555,-0.003824709847697556,0,348.96400122041064,12.473719751918248,0.0031496810370303194,15.0,0.0,True
2022-11-14 20:36:14.419266,L,0.09244227409362793,36.3,10,30.0,25.418345120431333,0.006295059757920914,0,347.4217810278414,4.365651555585409,0.0031496810370303194,15.0,0.0,True
2022-11-14 20:36:14.505352,L,0.08653116226196289,36.3,10,30.0,25.685066820069103,0.058778204886839776,0,344.6781448382842,-37.7784194573465,0.0031496810370303194,15.0,0.0,True
2022-11-14 20:36:14.593424,L,0.08666253089904785,36.3,10,30.0,27.087489325978435,0.05739191612507898,0,327.04386656235033,-36.81237511446723,0.0031496810370303194,15.0,0.0,True
2022-11-14 20:36:14.681504,L,0.0865776538848877,36.3,10,30.0,27.14510772947352,0.0023030738720011754,0,328.398491382573,7.258919822052803,0.0031496810370303194,15.0,0.0,True
2022-11-14 20:36:14.768600,L,0.08769512176513672,36.3,10,30.0,26.710594785033514,-0.0015990566584727377,0,334.75160874073913,10.37891315593765,0.0031496810370303194,15.0,0.0,True
2022-11-14 20:36:14.855677,L,0.08677196502685547,36.3,10,30.0,25.70791851837889,-0.0013851274272344287,0,348.1886375183233,10.210905858101265,0.0031496810370303194,15.0,0.0,True
2022-11-14 20:36:14.941755,L,0.0852670669555664,36.3,10,0.0,27.194295383222023,-0.04973430702420929,0,-72.36774438797157,49.023165467304395,0.0031496810370303194,15.0,0.0,True
2022-11-14 20:36:15.026831,L,0.08527255058288574,36.3,10,0.0,27.692898966729537,-0.007586208953351756,0,-46.73181950222828,15.313480798441102,0.0031496810370303194,15.0,0.0,True
2022-11-14 20:36:15.114892,L,0.08720850944519043,36.3,10,0.0,7.542031324672006,-0.005175892464186938,0,217.45438945708952,13.403435428598108,0.0031496810370303194,15.0,0.0,True
2022-11-14 20:36:15.205975,L,0.08999896049499512,36.3,10,0.0,-1.0121564015559712,-0.06287192958498043,0,306.68505272234165,59.73670450474768,0,15.0,0.0,True
2022-11-14 20:36:15.296057,L,0.09014105796813965,36.3,10,0.0,8.697346097441837,-0.07170244389948023,0,168.32683007277066,66.98958486893991,0,15.0,0.0,True
2022-11-14 20:36:15.384137,L,0.08700990676879883,36.3,10,0.0,17.005182645374283,-0.07555631892917437,0,66.89685652398921,70.26937263150704,0,15.0,0.0,True
2022-11-14 20:36:15.470224,L,0.08613085746765137,36.3,10,0.0,14.78801299862214,-0.07489576686602267,0,103.07782132117978,69.93393646422102,0,15.0,0.0,True
2022-11-14 20:36:15.555293,L,0.08470869064331055,36.3,10,0.0,6.454783464055552,-0.07190522368711813,0,209.24635013927497,67.7239554947194,0,15.0,0.0,True
2022-11-14 20:36:15.642372,L,0.08521628379821777,36.3,10,0.0,4.9064115041534695,-0.06821420584884347,0,218.97007778219177,64.94544996109876,0,15.0,0.0,True
2022-11-14 20:36:15.729450,L,0.08725810050964355,36.3,10,0.0,8.920839631441455,-0.0646188410592519,0,162.82248188097546,62.23833474659888,0,15.0,0.0,True
2022-11-14 20:36:15.811558,L,0.0877842903137207,36.3,10,0.0,13.118601446850102,-0.06054564839146118,0,109.9648569717695,59.13917735339221,0,15.0,0.0,True
2022-11-14 20:36:15.910378,L,0.08623456954956055,36.3,10,0.0,12.206233307911276,-0.0105278706290919,0,124.6479890123783,19.146854935121095,0,15.0,0.0,True
2022-11-14 20:36:15.990963,L,0.0852196216583252,36.3,10,0.0,9.151334877143364,-0.008176029467193455,0,162.27375214580348,17.291808975917125,0,15.0,0.0,True
2022-11-14 20:36:16.076039,L,0.08562016487121582,36.3,10,0.0,6.864555749351278,-0.05745899693513482,0,187.62571869063981,56.87180438820209,0,15.0,0.0,True
2022-11-14 20:36:16.161132,L,0.08745718002319336,36.3,10,0.0,7.462455193328461,-0.058976536275123496,0,175.79114480940444,58.23499102461354,0,15.0,0.0,True
2022-11-14 20:36:16.246202,L,0.08689689636230469,36.3,10,0.0,10.0671093736955,-0.0107618064784286,0,140.47193412781183,19.685540198255595,0,15.0,0.0,True
2022-11-14 20:36:16.364417,L,0.08545470237731934,36.3,10,0.0,11.07654969647885,-0.007909879094114974,0,128.2817135613762,17.42949114463584,0,15.0,0.0,True
2022-11-14 20:36:16.424471,L,0.08704328536987305,36.3,10,0.0,10.006353519042891,-0.008244402509208607,0,141.79285253643192,17.719010640536702,0,15.0,0.0,True
2022-11-14 20:36:16.518808,L,0.08882474899291992,36.3,10,0.0,8.61519928797017,-0.007858997508366796,0,157.29289727166253,17.431547023076384,0,15.0,0.0,True
2022-11-14 20:36:16.601827,L,0.08696627616882324,36.3,10,0.0,8.199679164875093,-0.008560824557326777,0,159.76456354434936,18.01546784365407,0,15.0,0.0,True
2022-11-14 20:36:16.689344,L,0.08655285835266113,36.3,10,0.0,8.533104552010604,-0.05727264581019838,0,153.42330770422132,57.13918546617963,0,15.0,0.0,True
2022-11-14 20:36:16.774666,L,0.08584451675415039,36.3,10,0.0,8.44153907399419,-0.05997471667788468,0,153.5646655555563,59.44998395553335,0,15.0,0.0,True
2022-11-14 20:36:16.862067,L,0.08732461929321289,36.3,10,0.0,8.258907175408893,-0.05858513274546003,0,154.41631352205948,58.4913206500874,0,15.0,0.0,True
2022-11-14 20:36:16.945000,L,0.0875236988067627,36.3,10,0.0,8.537258392989305,-0.05858054472270188,0,149.05450314315146,58.6416244147865,0,15.0,0.0,True
2022-11-14 20:36:17.046987,L,0.09459209442138672,36.3,10,0.0,8.857994757428447,-0.062438268138623826,0,143.5088306393912,61.90539649564026,0,15.0,0.0,True
2022-11-14 20:36:17.128098,L,0.09285235404968262,36.3,10,0.0,8.426050228418179,-0.06606291418408734,0,147.931675930121,64.98911878430698,0,15.0,0.0,True
2022-11-14 20:36:17.228097,L,0.0941157341003418,36.3,10,0.0,8.038675635340816,-0.06985927843207664,0,151.01343817851213,68.22346890616994,0,15.0,0.0,True
2022-11-14 20:36:17.310864,L,0.08925604820251465,36.3,10,0.0,8.295655404266727,-0.07141303977506093,0,145.74929924005662,69.6574700593809,0,15.0,0.0,True
2022-11-14 20:36:17.411248,L,0.08663320541381836,36.3,10,0.0,8.724789684827869,-0.07183679766302095,0,138.88054169461438,70.1830547661115,0,15.0,0.0,True
2022-11-14 20:36:17.496325,L,0.08460021018981934,36.3,10,0.0,8.036048785286486,-0.07153243313931104,0,147.0951883602427,70.12102802268194,0,15.0,0.0,True
2022-11-14 20:36:17.581617,L,0.08497190475463867,36.3,10,0.0,7.3705449954414295,-0.07148317263402046,0,153.79774733740533,70.26387163808292,0,15.0,0.0,True
2022-11-14 20:36:17.678695,L,0.08525490760803223,36.3,10,0.0,6.895529741089622,-0.07164722648041953,0,158.09614094778217,70.57838808543592,0,15.0,0.0,True
2022-11-14 20:36:17.753938,L,0.08613920211791992,36.3,10,0.0,8.090881336611627,-0.07180526877405474,0,140.41316955851835,70.89037848171407,0,15.0,0.0,True
2022-11-14 20:36:17.861689,L,0.08806061744689941,36.3,10,0.0,8.389175111915147,-0.07187072186074717,0,136.4050930567412,71.13259944078781,0,15.0,0.0,True
2022-11-14 20:36:17.938833,L,0.09471631050109863,36.3,10,0.0,8.16797491319719,-0.07173551074431314,0,138.08449112275102,71.22824452681985,0,15.0,0.0,True
2022-11-14 20:36:18.025904,L,0.08723330497741699,36.3,10,0.0,7.2392736996101075,-0.07131653359518125,0,148.79697214268245,71.07966436114994,0,15.0,0.0,True
2022-11-14 20:36:18.113983,L,0.08727788925170898,36.3,10,0.0,7.712368019325135,-0.07014775695086264,0,140.166929012601,70.32822760565827,0,15.0,0.0,True
2022-11-14 20:36:18.200255,L,0.08594441413879395,36.3,10,0.0,7.994078965728656,-0.06847895860063456,0,135.62657723984918,69.16969018738968,0,15.0,0.0,True
2022-11-14 20:36:18.286509,L,0.08594465255737305,36.3,10,0.0,8.45285971263446,-0.06521463901981069,0,128.46222529291296,66.72619436283452,0,15.0,0.0,True
2022-11-14 20:36:18.373605,L,0.08690786361694336,36.3,10,0.0,7.814592703433887,-0.062166464009397446,0,136.03135783843285,64.44976607187165,0,15.0,0.0,True
2022-11-14 20:36:18.460666,L,0.08536982536315918,36.3,10,0.0,6.726582646177244,-0.059741727594852106,0,148.47903290785843,62.66304787483571,0,15.0,0.0,True
2022-11-14 20:36:18.545743,L,0.08557891845703125,36.3,10,0.0,6.67829216757524,-0.007469040594893164,0,146.69743784535436,20.85824994806537,0,15.0,0.0,True
2022-11-14 20:36:18.627864,L,0.08496546745300293,36.3,10,0.0,7.795260893363484,-0.004598950478502844,0,130.59811422061452,18.57967074599473,0.047608966939597916,15.0,0.0,False
2022-11-14 20:36:18.720818,L,0.0894632339477539,36.3,10,0.0,8.76938470427829,-0.005434146798589321,0,117.56531460801526,19.262843643724267,0.047608966939597916,15.0,0.0,False
2022-11-14 20:36:18.809889,L,0.08802485466003418,36.3,10,0.0,7.890500446949696,-0.008609818003813987,0,128.81010928202932,21.826384360714517,0.047608966939597916,15.0,0.0,False
2022-11-14 20:36:18.906982,L,0.09644651412963867,36.3,10,0.0,6.1602704730652444,-0.0108378903302597,0,149.18012438864235,23.640070770691583,0.047608966939597916,15.0,0.0,False
2022-11-14 20:36:18.996046,L,0.08834505081176758,36.3,10,0.0,6.028380428422375,-0.014117300928073397,0,148.0529606994766,26.301155247399784,0.047608966939597916,15.0,0.0,False
2022-11-14 20:36:19.083133,L,0.08717846870422363,36.3,10,0.0,6.973094096370917,-0.06367403851081421,0,134.26764486373145,66.11838877973105,0.047608966939597916,15.0,0.0,False
2022-11-14 20:36:19.172205,L,0.08750057220458984,36.3,10,5.0,8.289271584411761,-0.06435086013719714,0,183.19159886326787,66.82316102817005,0.047608966939597916,15.0,0.0,False
2022-11-14 20:36:19.282321,L,0.08431768417358398,36.3,10,5.0,7.850831088611924,-0.06318514539103527,0,184.28206492919722,66.05020238201007,0.047608966939597916,15.0,0.0,False
2022-11-14 20:36:19.334350,L,0.07680964469909668,36.3,10,5.0,9.270194838673826,-0.014871081856890882,0,164.22583140530404,27.427066979040333,0.047608966939597916,15.0,0.0,False
2022-11-14 20:36:19.410418,L,0.07659220695495605,36.3,10,5.0,10.306855817424449,-0.011608781787019427,0,151.46738886912112,24.84976536235188,0.047608966939597916,15.0,0.0,False
2022-11-14 20:36:19.505503,L,0.07683086395263672,36.3,10,5.0,9.92449562610122,-0.016616324622838394,0,157.15015050496712,28.89517672125259,0.047608966939597916,15.0,0.0,False
2022-11-14 20:36:19.568560,L,0.07849335670471191,36.3,10,5.0,8.92629237559854,-0.06620340648440233,0,169.2862530605535,68.72640363697101,0.047608966939597916,15.0,0.0,False
2022-11-14 20:36:19.645631,L,0.07858085632324219,36.3,10,5.0,9.212061191039231,-0.06854871964286145,0,163.55968627607746,70.75823377467012,0.047608966939597916,15.0,0.0,False
2022-11-14 20:36:19.725702,L,0.07944703102111816,36.3,10,5.0,9.805678199603461,-0.06838766230328679,0,155.28916467928613,70.79206507398263,0.047608966939597916,15.0,0.0,False
2022-11-14 20:36:19.804790,L,0.07860445976257324,36.3,10,5.0,9.44102388649197,-0.06752991522787706,0,160.1779442261632,70.26502313914058,0.047608966939597916,15.0,0.0,False
2022-11-14 20:36:19.882843,L,0.07843279838562012,36.3,10,5.0,8.394352390971086,-0.06661413018810432,0,173.07611649278107,69.68912944806783,0.047608966939597916,15.0,0.0,False
2022-11-14 20:36:19.962916,L,0.07862734794616699,36.3,10,5.0,7.950701161518833,-0.06541221930761809,0,177.16568318087783,68.88186032228786,0.047608966939597916,15.0,0.0,False
2022-11-14 20:36:20.053007,L,0.09002137184143066,36.3,10,5.0,9.119196285167217,-0.0656829180536472,0,160.53984516992236,69.2759882429849,0.047608966939597916,15.0,0.0,False
2022-11-14 20:36:20.168104,L,0.08750700950622559,36.3,10,5.0,10.558824230990384,-0.06815920250874442,0,141.94430004181635,71.43620095728949,0.047608966939597916,15.0,0.0,False
2022-11-14 20:36:20.229159,L,0.08738112449645996,36.3,10,5.0,10.26975167201822,-0.0703467576133988,0,146.46819246599128,73.37062176970525,0.047608966939597916,15.0,0.0,False
2022-11-14 20:36:20.317239,L,0.08771085739135742,36.3,10,5.0,8.669158128641357,-0.07025790757012335,0,166.52569913226068,73.48415269813756,0.047608966939597916,15.0,0.0,False
2022-11-14 20:36:20.405469,L,0.08770632743835449,36.3,10,5.0,8.027454682233572,-0.07125244411055441,0,172.60188450458168,74.46738416011324,0.047608966939597916,15.0,0.0,False
2022-11-14 20:36:20.494789,L,0.08837628364562988,36.3,10,5.0,8.492956480698757,-0.07198542075762206,0,165.14009672403574,75.24458914089261,0.047608966939597916,15.0,0.0,False
2022-11-14 20:36:20.577425,L,0.0864725112915039,36.3,10,5.0,9.602983031383362,-0.07235228146887149,0,150.2667665430587,75.72573170114447,0.047608966939597916,15.0,0.0,False
2022-11-14 20:36:20.662183,L,0.0865488052368164,36.3,10,5.0,10.058955186369571,-0.07181816143742042,0,144.67624506963324,75.48480481969932,0.047608966939597916,15.0,0.0,False
2022-11-14 20:36:20.764535,L,0.0884695053100586,36.3,10,5.0,9.060043407974618,-0.07043362168344014,0,157.60074746409563,74.56401506060628,0.045160351960564955,15.0,0.0,False
2022-11-14 20:36:20.845609,L,0.08636784553527832,36.3,10,5.0,8.343330687842435,-0.07003762358298088,0,165.3245220788618,74.42879718881531,0.045160351960564955,15.0,0.0,False
2022-11-14 20:36:20.933690,L,0.08818769454956055,36.3,10,5.0,8.434226310407094,-0.07006173744715584,0,162.69515352271912,74.63349435776003,0.045160351960564955,15.0,0.0,False
2022-11-14 20:36:21.021768,L,0.08716750144958496,36.3,10,5.0,9.318950658631413,-0.07029513715792027,0,150.41361729843388,75.00406171209625,0.045160351960564955,15.0,0.0,False
2022-11-14 20:36:21.109849,L,0.08784317970275879,36.3,10,5.0,9.64938483370651,-0.0707686494795926,0,146.27038039131037,75.56939499351823,0.045160351960564955,15.0,0.0,False
2022-11-14 20:36:21.198930,L,0.08812403678894043,36.3,10,5.0,9.62061607942945,-0.07041303720829446,0,146.21004023452716,75.47096335103564,0.045160351960564955,15.0,0.0,False
2022-11-14 20:36:21.278029,L,0.08670711517333984,36.3,10,5.0,9.117073806324797,-0.07011054335086978,0,152.08668185087268,75.41134622056293,0.045160351960564955,15.0,0.0,False
2022-11-14 20:36:21.376474,L,0.08658242225646973,-4.0,10,5.0,8.201245618546578,-0.06876603572974503,0,162.99929065000455,74.51423762235098,0.045160351960564955,15.0,0.0,False
2022-11-14 20:36:21.460418,L,0.08849549293518066,-4.0,10,5.0,8.109345520977504,-0.0677334827912151,0,162.59785987666282,73.86805711781233,0.045160351960564955,15.0,0.0,False
2022-11-14 20:36:21.551990,L,0.08877134323120117,-4.0,10,5.0,8.547897771220741,-0.06712834321150438,0,156.10745779132128,73.56276616015964,0.045160351960564955,15.0,0.0,False
2022-11-14 20:36:21.637507,L,0.0863797664642334,-3.8,10,5.0,8.618949425985068,-0.06854989572451488,0,155.04139952126906,74.87788062851135,0.045160351960564955,15.0,0.0,False
2022-11-14 20:36:21.724820,L,0.08645224571228027,-3.8,10,5.0,8.274430039855611,-0.07201555029905667,0,159.09023178166476,77.83741777457114,0.045160351960564955,15.0,0.0,False
2022-11-14 20:36:21.854827,L,0.08652544021606445,-3.8,10,5.0,8.531871476463797,-0.07449142733589281,0,154.693700108942,80.0113667796989,0.045160351960564955,15.0,0.0,False
2022-11-14 20:36:21.898883,L,0.08652091026306152,-2.6,10,5.0,8.821642110105191,-0.07437762805846045,0,150.5177672577075,80.11308466302926,0.045160351960564955,15.0,0.0,False
2022-11-14 20:36:21.986954,L,0.08784341812133789,-2.6,10,5.0,8.644487483899985,-0.07342684570429601,0,152.53991920369867,79.54586564972202,0.045160351960564955,15.0,0.0,False
2022-11-14 20:36:22.074025,L,0.08616113662719727,-3.8,10,5.0,8.421908936048265,-0.0720441566879742,0,154.67784797496822,78.6258843884205,0.045160351960564955,15.0,0.0,False
2022-11-14 20:36:22.162145,L,0.08803319931030273,-3.8,10,5.0,8.219402065208634,-0.07021635575913959,0,156.5128083178011,77.34903760938313,0.045160351960564955,15.0,0.0,False
2022-11-14 20:36:22.244096,L,0.08775138854980469,-3.7,10,5.0,8.34855817516367,-0.06911921016392453,0,153.99803495812452,76.65336293069386,0.045160351960564955,15.0,0.0,False
2022-11-14 20:36:22.338420,L,0.08762097358703613,-0.20000000000000018,10,5.0,8.129676520877734,-0.06767750730743606,0,156.47315341576333,75.67786020821124,0.045160351960564955,15.0,0.0,False
2022-11-14 20:36:22.428062,L,0.08816981315612793,-2.2,10,5.0,8.5311500877641,-0.06575725292195084,0,150.32764254093172,74.31553758903733,0.045160351960564955,15.0,0.0,False
2022-11-14 20:36:22.515208,L,0.08766365051269531,-1.6,10,5.0,8.771165342496744,-0.0638323276349291,0,146.96782145637718,72.94346881493114,0.045160351960564955,15.0,0.0,False
2022-11-14 20:36:22.593866,L,0.08781242370605469,-2.8,10,5.0,8.531273267640643,-0.06151586895393292,0,149.7733250467831,71.25231338115678,0.045160351960564955,15.0,0.0,False
2022-11-14 20:36:22.694318,L,0.08753609657287598,-2.8,10,5.0,8.541873519163069,-0.012019142898355754,0,148.7407419442773,31.68110516248006,0.045160351960564955,15.0,0.0,False
2022-11-14 20:36:22.777416,L,0.08790755271911621,2.5999999999999996,10,5.0,8.541833372920877,-0.007579954705427826,0,148.13067113756236,28.15489411852081,0.045160351960564955,15.0,0.0,False
2022-11-14 20:36:22.860554,L,0.08773517608642578,1.5,10,5.0,8.549530751460747,-0.007440553482614997,0,147.40664609188926,28.063446183214435,0.045160351960564955,15.0,0.0,False
2022-11-14 20:36:22.943574,L,0.08749127388000488,1.7000000000000002,10,5.0,8.059805716731127,-0.057612631245202314,0,153.31644890753424,68.35807688075596,0.045160351960564955,15.0,0.0,False
2022-11-14 20:36:23.044368,L,0.08863210678100586,2.5,10,5.0,8.17456630768902,-0.007331884245530094,0,150.6873635350991,28.141566995695232,0.045160351960564955,15.0,0.0,False
2022-11-14 20:36:23.127407,L,0.08658170700073242,1.7999999999999998,10,5.0,8.390862688826397,-0.0019933171697274527,0,147.38429566281593,23.880947258302395,0.045160351960564955,15.0,0.0,False
2022-11-14 20:36:23.210229,L,0.08713293075561523,1.5999999999999996,10,5.0,8.290998840903187,-0.0007887077339615837,0,148.3735816478425,22.91979972552038,0.045160351960564955,15.0,0.0,False
2022-11-14 20:36:23.311343,L,0.08812141418457031,0.5999999999999996,10,5.0,8.56440097770844,0.002539076495008114,0,144.03968879904613,20.250620545346866,0.05431733596459062,15.0,0.0,False
2022-11-14 20:36:23.395312,L,0.08576560020446777,3.4000000000000004,10,5.0,8.499913937222125,0.001931985499280228,0,144.59863489647512,20.731770826228786,0.05431733596459062,15.0,0.0,False
2022-11-14 20:36:23.514320,L,0.08726096153259277,3.0,10,5.0,8.345187808870115,0.0031747195597111822,0,145.97366422072218,19.72905950472563,0.05431733596459062,15.0,0.0,False
2022-11-14 20:36:23.570210,L,0.08692479133605957,3.9000000000000004,10,5.0,8.182494281661926,0.003817046307030519,0,147.38256283737576,19.205312749528353,0.05431733596459062,15.0,0.0,False
2022-11-14 20:36:23.657298,L,0.08699345588684082,3.2,10,5.0,8.424255676135145,0.002475651335336271,0,143.42057701600663,20.272195852395406,0.05431733596459062,15.0,0.0,False
2022-11-14 20:36:23.743680,L,0.08527731895446777,4.300000000000001,10,5.0,8.728247754551116,0.00567177616579516,0,139.05823498014678,17.70025678524695,0.05431733596459062,15.0,0.0,False
2022-11-14 20:36:23.826908,L,0.08696222305297852,2.8,10,5.0,8.48200462359832,0.00605925455971699,0,142.04718257468537,17.374796517517773,0.05431733596459062,15.0,0.0,False
2022-11-14 20:36:23.910594,L,0.08583688735961914,2.2,10,5.0,8.307496335624913,0.0060746712433861405,0,143.4936128232551,17.346863005494292,0.05431733596459062,15.0,0.0,False
2022-11-14 20:36:23.995251,L,0.08609557151794434,3.0999999999999996,10,5.0,7.933903518613272,0.010020496105864005,0,147.70216024770363,14.163864993853466,0.05431733596459062,15.0,0.0,False
2022-11-14 20:36:24.089141,L,0.08479833602905273,3.3,10,5.0,8.165273733655399,0.009616500689917602,0,143.68212215765774,14.463103378335296,0.05431733596459062,15.0,0.0,False
2022-11-14 20:36:24.175675,L,0.08596324920654297,4.300000000000001,10,5.0,7.9385178193799,0.009438977921630941,0,146.43461402952934,14.580752445728203,0.05431733596459062,15.0,0.0,False
2022-11-14 20:36:24.259919,L,0.08409404754638672,3.5999999999999996,10,5.0,8.559843372837808,0.010982198682481644,0,137.37735566537,13.318265548599841,0.05431733596459062,15.0,0.0,False
2022-11-14 20:36:24.343652,L,0.08741378784179688,4.199999999999999,10,5.0,8.105697521713077,0.00734454683007082,0,143.54252608508708,16.209726243729136,0.049445613006402815,15.0,0.0,False
2022-11-14 20:36:24.434843,L,0.08656454086303711,2.9000000000000004,10,5.0,7.0924497771511765,0.007306320628966714,0,155.99021070622874,16.22092143015512,0.049445613006402815,15.0,0.0,False
2022-11-14 20:36:24.510955,L,0.08717536926269531,4.199999999999999,10,5.0,7.220789998512627,0.007096231490052254,0,152.74519962242928,16.370453926950393,0.049445613006402815,15.0,0.0,False
2022-11-14 20:36:24.609591,L,0.08644461631774902,2.5999999999999996,10,5.0,8.078380594658455,0.008954969987353931,0,141.07704493596344,14.860000740434435,0.049445613006402815,15.0,0.0,False
2022-11-14 20:36:24.697671,L,0.08567214012145996,3.7,10,5.0,8.918450139516779,0.05943226611366202,0,130.336312512831,-25.680263737711016,0.049445613006402815,15.0,0.0,False
2022-11-14 20:36:24.776813,L,0.08575630187988281,2.5,10,5.0,8.761692481560345,0.05935505453567384,0,132.73558434407997,-25.765295656034628,0.049445613006402815,15.0,0.0,False
2022-11-14 20:36:24.861100,L,0.08732461929321289,0.7000000000000002,10,5.0,7.783178442579973,0.006070545569368333,0,144.9294262151361,16.852501159476883,0.049445613006402815,15.0,0.0,False
2022-11-14 20:36:24.960932,L,0.0874338150024414,0.5,10,5.0,7.449379736185097,0.003444897250378057,0,147.76791874167498,18.938182212150313,0.049445613006402815,15.0,0.0,False
2022-11-14 20:36:25.043550,L,0.08757185935974121,2.9000000000000004,10,5.0,7.911837428833454,-0.001209979248929142,0,140.79857400133113,22.66549346368391,0.049445613006402815,15.0,0.0,False
2022-11-14 20:36:25.127379,L,0.08645296096801758,0.5999999999999996,10,5.0,8.075247493353952,0.0015133336006196406,0,138.64499795096364,20.482071664416427,0.049445613006402815,15.0,0.0,False
2022-11-14 20:36:25.219238,L,0.08629870414733887,3.0999999999999996,10,5.0,8.230506739880685,0.005872189855208091,0,136.23341693047385,16.979593705230368,0.049445613006402815,15.0,0.0,False
2022-11-14 20:36:25.305801,L,0.0864098072052002,1.2000000000000002,10,5.0,8.498354123326553,0.007276582793109758,0,132.28459988615603,15.837558873811886,0.049445613006402815,15.0,0.0,False
2022-11-14 20:36:25.409376,L,0.08515262603759766,2.0999999999999996,10,5.0,7.819128287866611,0.05808461456982618,0,141.06282786379245,-24.963052446111682,0.049445613006402815,15.0,0.0,False
2022-11-14 20:36:25.477698,L,0.08547186851501465,1.9000000000000004,10,5.0,7.476364251822193,0.05723973372760049,0,144.35604594797348,-24.42785383149378,0.049445613006402815,15.0,0.0,False
2022-11-14 20:36:25.565517,L,0.08735990524291992,2.3,10,5.0,7.224738199558455,0.007203740726110599,0,146.8738609795607,15.587689746998906,0.049445613006402815,15.0,0.0,False
2022-11-14 20:36:25.654899,L,0.08500266075134277,0.2999999999999998,10,5.0,7.7239550731527356,0.005072186672388949,0,139.54484225645632,17.274521702788327,0.049445613006402815,15.0,0.0,False
2022-11-14 20:36:25.741113,L,0.0862579345703125,3.0999999999999996,10,5.0,7.921435845459361,0.005238886382197851,0,137.02943237687379,17.127334980437666,0.049445613006402815,15.0,0.0,False
2022-11-14 20:36:25.823652,L,0.08583807945251465,-0.3999999999999999,10,5.0,7.8299217903464555,0.007983436287876605,0,137.9773255095374,14.91083616076048,0.02834684062465418,15.0,0.0,False
2022-11-14 20:36:25.910382,L,0.08561062812805176,1.2000000000000002,10,5.0,7.7263807982440085,0.0075366903170857045,0,138.76733473437326,15.249248232809784,0.02834684062465418,15.0,0.0,False
2022-11-14 20:36:25.993541,L,0.08642196655273438,1.7999999999999998,10,5.0,7.580850632487807,0.05491903865995622,0,140.11506314162148,-22.804551638789142,0.02834684062465418,15.0,0.0,False
2022-11-14 20:36:26.078231,L,0.08505702018737793,0.7000000000000002,10,5.0,7.57080746822616,0.053638915594619765,0,139.6416633551518,-21.91169100039728,0.02834684062465418,15.0,0.0,False
2022-11-14 20:36:26.184885,L,0.08685898780822754,1.4000000000000004,10,5.0,7.89150217918715,0.0003189915889627404,0,134.91000031021662,20.74940516042631,0.02834684062465418,15.0,0.0,False
2022-11-14 20:36:26.257820,L,0.08739709854125977,0.9000000000000004,10,5.0,8.372088903627251,-0.002011146711158949,0,128.37286243732487,22.61291679055913,0.02834684062465418,15.0,0.0,False
2022-11-14 20:36:26.343242,L,0.08628726005554199,0.7000000000000002,10,5.0,8.047573014107877,0.0019777189818076563,0,132.66709614665305,19.41597578508145,0.02834684062465418,15.0,0.0,False
2022-11-14 20:36:26.427527,L,0.08539366722106934,1.7999999999999998,10,5.0,7.607401236956412,0.05496864405476625,0,137.6432203792522,-23.123326705266766,0.02834684062465418,15.0,0.0,False
2022-11-14 20:36:26.510162,L,0.08581423759460449,0.0,10,5.0,7.606095952162816,0.05532957834003197,0,136.69766273048964,-23.548352674364597,0.02834684062465418,15.0,0.0,False
2022-11-14 20:36:26.625584,L,0.0856468677520752,-1.2000000000000002,10,5.0,7.5751204751921115,0.05373965308535426,0,136.66291189299605,-22.414263762202722,0.02834684062465418,15.0,0.0,False
2022-11-14 20:36:26.689024,L,0.08578777313232422,-1.1,10,5.0,7.337684214216443,0.0033812086138994097,0,139.3516627557338,17.86947430603484,0.02834684062465418,15.0,0.0,False
2022-11-14 20:36:26.776223,L,0.08601760864257812,2.5999999999999996,10,5.0,7.529947149789005,-0.001258208115417617,0,136.10898005341608,21.57892376862418,0.02834684062465418,15.0,0.0,False
2022-11-14 20:36:26.860250,L,0.08971643447875977,1.0999999999999996,10,5.0,7.760605384803157,0.002402694839884719,0,132.8121567063342,18.642787158671698,0.02834684062465418,15.0,0.0,False
2022-11-14 20:36:26.943167,L,0.08838844299316406,0.5999999999999996,10,5.0,7.4610109766021395,0.006341315077990519,0,136.56828873294737,15.475038448324907,0.02834684062465418,15.0,0.0,False
2022-11-14 20:36:27.042683,L,0.08773684501647949,0.2999999999999998,10,5.0,7.221963314851921,0.008449659632841318,0,138.98047239075888,13.766327710436123,0.02834684062465418,15.0,0.0,False
2022-11-14 20:36:27.128374,L,0.0878148078918457,0.5999999999999996,10,5.0,6.945564804670954,0.05635013647167164,0,141.99784747734807,-24.707719464897007,0.013550444926203505,15.0,0.0,False
2022-11-14 20:36:27.209854,L,0.08756303787231445,-1.6,10,5.0,7.105023198896449,0.007228869513486109,0,139.2188437285468,14.581369181197449,0.013550444926203505,15.0,0.0,False
2022-11-14 20:36:27.306449,L,0.08606195449829102,-0.6000000000000001,10,5.0,6.670979943623408,0.005470125875164604,0,144.82619229491448,15.968835540399997,0.013550444926203505,15.0,0.0,False
2022-11-14 20:36:27.393823,L,0.08762788772583008,0.20000000000000018,10,5.0,7.743657372632045,0.006635873543518522,0,129.7447553043555,15.018455386541126,0.013550444926203505,15.0,0.0,False
2022-11-14 20:36:27.477172,L,0.08767819404602051,1.5999999999999996,10,5.0,8.285474944553673,0.009587503891745067,0,123.27298172873692,12.631729047420075,0.013550444926203505,15.0,0.0,False
2022-11-14 20:36:27.559998,L,0.09026384353637695,-1.0,10,5.0,7.904917725637927,0.05871522448269568,0,128.35481725708024,-26.83454931669977,0.013550444926203505,15.0,0.0,False
2022-11-14 20:36:27.662771,L,0.08796119689941406,-0.5,10,5.0,7.477984769198057,0.05737085112823005,0,133.10583944962076,-25.90484737811768,0.013550444926203505,15.0,0.0,False
2022-11-14 20:36:27.745010,L,0.0895683765411377,-0.7999999999999998,10,5.0,6.692132730562925,0.009118666414215429,0,142.6249523133209,12.67763242142318,0.013550444926203505,15.0,0.0,False
2022-11-14 20:36:27.828192,L,0.08886337280273438,-0.5,10,5.0,6.912611320538573,0.007538894053492707,0,138.51380074386302,13.91614294901014,0.013550444926203505,15.0,0.0,False
2022-11-14 20:36:27.926522,L,0.08784747123718262,0.20000000000000018,10,5.0,6.802200063237813,0.055759271595899614,0,139.8958932157444,-24.81277529308564,0.013550444926203505,15.0,0.0,False
2022-11-14 20:36:28.009961,L,0.08766484260559082,-0.7000000000000002,10,5.0,7.701324363636876,0.0564208731033103,0,127.48145566205842,-25.48502667472881,0.013550444926203505,15.0,0.0,False
2022-11-14 20:36:28.105080,L,0.08736443519592285,0.7000000000000002,10,5.0,7.950476122779431,0.007112842420613962,0,124.71655289443005,13.94847500477248,0.013550444926203505,15.0,0.0,False
2022-11-14 20:36:28.191158,L,0.08564066886901855,-2.4,10,5.0,6.9096748601343885,0.007134793008429541,0,138.37957501871648,13.90693717030941,0.013550444926203505,15.0,0.0,False
2022-11-14 20:36:28.313735,L,0.09392619132995605,-0.2999999999999998,10,5.0,6.724410505695831,0.009891490060478835,0,139.26074533832747,11.673416496037913,0.009467823434293282,15.0,0.0,True
2022-11-14 20:36:28.384792,L,0.09792852401733398,-0.3999999999999999,10,5.0,6.368250785575623,0.06007120054853875,0,143.43312934951857,-28.65166303436204,0.009467823434293282,15.0,0.0,True
2022-11-14 20:36:28.471214,L,0.08600592613220215,-0.5,10,5.0,7.165046224086346,0.014463031730952865,0,132.20903444752594,7.807981852452475,0.009467823434293282,15.0,0.0,True
2022-11-14 20:36:28.557708,L,0.08626103401184082,-1.2999999999999998,10,5.0,7.59316568602115,0.059210396674059654,0,127.05435818367901,-28.153626949953406,0.009467823434293282,15.0,0.0,True
2022-11-14 20:36:28.644925,L,0.09833073616027832,-1.0,10,5.0,7.562322009242149,0.059991756790027634,0,127.44824646338583,-28.950578076787156,0.009467823434293282,15.0,0.0,True
2022-11-14 20:36:28.742010,L,0.08491349220275879,-4.0,10,5.0,7.858649006113457,0.010620393169456573,0,123.02650431943745,10.52535215511381,0.009467823434293282,15.0,0.0,True
2022-11-14 20:36:28.826258,L,0.08890056610107422,-1.0,10,5.0,7.861331716878222,0.008713833823646431,0,122.83152128008658,12.021759835547929,0.009467823434293282,15.0,0.0,True
2022-11-14 20:36:28.910049,L,0.07785654067993164,-1.9,10,5.0,7.161322335893192,0.010566935078288828,0,131.79720691613622,10.51414520691126,0.009467823434293282,15.0,0.0,True
2022-11-14 20:36:28.986177,L,0.07702851295471191,-1.5,10,5.0,6.158549084665806,0.058493601198401954,0,144.05472259459654,-27.968341866244742,0.009467823434293282,15.0,0.0,True
2022-11-14 20:36:29.065118,L,0.07803630828857422,-1.7999999999999998,10,5.0,6.32417310399583,0.010428012091117224,0,140.34650664895105,10.472097838847757,0.009467823434293282,15.0,0.0,True
2022-11-14 20:36:29.144406,L,0.07773566246032715,-2.7,10,5.0,6.3607444048947395,0.00839314256919481,0,139.86128827488383,12.074522441402726,0.009467823434293282,15.0,0.0,True
2022-11-14 20:36:29.221776,L,0.07824277877807617,-2.9,10,5.0,6.918692408248493,0.009824776104556695,0,132.19961190210032,10.905709338542456,0.009467823434293282,15.0,0.0,True
2022-11-14 20:36:29.322868,L,0.07793521881103516,-3.1,10,5.0,6.888198648932121,0.011492953719291384,0,133.02344812322556,9.544264997418855,0.009467823434293282,15.0,0.0,True
2022-11-14 20:36:29.379920,L,0.07807660102844238,-1.7999999999999998,10,5.0,6.880541039501017,0.013354025719279423,0,132.7923676882153,8.024103971094275,0.009467823434293282,15.0,0.0,True
2022-11-14 20:36:29.455988,L,0.07738852500915527,-1.7000000000000002,10,5.0,6.822861923836533,0.014469772550137741,0,133.26710393999238,7.0980068659340585,0.009467823434293282,15.0,0.0,True
2022-11-14 20:36:29.543792,L,0.08161187171936035,-1.4,10,5.0,7.123956645037166,0.06147182890693558,0,128.86382030626152,-30.659758193281515,0.009467823434293282,15.0,0.0,True
2022-11-14 20:36:29.626723,L,0.08696603775024414,-4.0,10,5.0,7.076894927912985,0.06110106025111694,0,129.49037227277498,-30.516752930232002,0.009467823434293282,15.0,0.0,True
2022-11-14 20:36:29.713034,L,0.08656096458435059,-3.4,10,5.0,6.721663511506447,0.0606681584637977,0,133.81135943123516,-30.32796895239006,0.009467823434293282,15.0,0.0,True
2022-11-14 20:36:29.795349,L,0.08311033248901367,-1.9,10,5.0,6.282232026278065,0.05885180007182711,0,138.98975354745218,-29.021449482318566,0.009467823434293282,15.0,0.0,True
2022-11-14 20:36:29.876645,L,0.0784311294555664,-4.0,10,5.0,6.509916473520741,0.010447954246046023,0,135.2016600254658,9.682996794373523,0.009467823434293282,15.0,0.0,True
2022-11-14 20:36:29.951999,L,0.07768750190734863,-2.9,10,5.0,6.567212545420195,0.0078655654892193,0,134.48714809612093,11.724737013578762,0.009467823434293282,15.0,0.0,True
2022-11-14 20:36:30.030070,L,0.0773763656616211,-2.3,10,5.0,6.757504344822371,0.00984109523114652,0,131.7594897534045,10.120881452948417,0.005782293132378439,15.0,0.0,True
2022-11-14 20:36:30.107132,L,0.0768275260925293,-3.9,10,5.0,6.205681483739541,0.010939286723680965,0,139.1602970848407,9.217227480745228,0.005782293132378439,15.0,0.0,True
2022-11-14 20:36:30.185384,L,0.07695388793945312,-2.7,10,5.0,7.121938357160825,0.05824019538291324,0,125.92971284862342,-28.76395744438541,0.005782293132378439,15.0,0.0,True
2022-11-14 20:36:30.262453,L,0.07736587524414062,-2.1,10,5.0,7.60953699658073,0.010202702663234546,0,120.2351577016626,9.65471228878191,0.005782293132378439,15.0,0.0,True
2022-11-14 20:36:30.339523,L,0.07668733596801758,-3.1,10,5.0,7.5677855960303715,0.008663847466986046,0,121.02703517776092,10.85985575853793,0.005782293132378439,15.0,0.0,True
2022-11-14 20:36:30.415601,L,0.07659673690795898,-3.7,10,5.0,6.344530380378845,0.009376162745477411,0,137.04268777031137,10.268164369958463,0.005782293132378439,15.0,0.0,True
2022-11-14 20:36:30.494343,L,0.07728886604309082,-3.2,10,5.0,6.032197920995706,0.0577647258698143,0,139.43822606137087,-28.582790980552154,0.005782293132378439,15.0,0.0,True
2022-11-14 20:36:30.583705,L,0.08975958824157715,-3.6,10,5.0,6.2382059165336745,0.009247838247905933,0,136.11022700961095,10.217482598034847,0.005782293132378439,15.0,0.0,True
2022-11-14 20:36:30.675066,L,0.08941292762756348,-3.2,10,5.0,7.620764423178095,0.007616502553226299,0,117.7341129131938,11.496897985779329,0.005782293132378439,15.0,0.0,True
2022-11-14 20:36:30.761049,L,0.08304667472839355,-4.0,10,5.0,7.589015451819471,0.007016501594327379,0,119.26957502446272,11.959307638127337,0.005782293132378439,15.0,0.0,True
2022-11-14 20:36:30.837195,L,0.07865500450134277,-2.4,10,5.0,7.139768872503604,0.008211422387184473,0,124.8568574751022,10.983770752020797,0.005782293132378439,15.0,0.0,True
2022-11-14 20:36:30.919268,L,0.08165240287780762,-3.5,10,5.0,6.6527723879496685,0.008121039665977863,0,130.4561751794633,11.03634684534627,0.005782293132378439,15.0,0.0,True
2022-11-14 20:36:30.998255,L,0.07955813407897949,-2.8,10,5.0,6.319317509408673,0.05777929936446375,0,134.07041605523827,-28.83441813773515,0.005782293132378439,15.0,0.0,True
2022-11-14 20:36:31.079535,L,0.08072638511657715,-4.0,10,5.0,5.460636237486979,0.010995352878506356,0,144.9447801640409,8.578147728421914,0.005782293132378439,15.0,0.0,True
2022-11-14 20:36:31.159855,L,0.07944822311401367,-2.6,10,5.0,5.553209685534544,0.008186897253718996,0,142.565781806783,10.799957317738885,0.005782293132378439,15.0,0.0,True
2022-11-14 20:36:31.239185,L,0.07969427108764648,-3.7,10,5.0,6.485374298458887,0.009820358705421377,0,130.08989947147418,9.46915090544645,0.005782293132378439,15.0,0.0,True
2022-11-14 20:36:31.326284,L,0.08618378639221191,-3.0,10,5.0,7.054381040392952,0.011852443562308041,0,123.41716089504683,7.812807546940772,0.005782293132378439,15.0,0.0,True
2022-11-14 20:36:31.410243,L,0.07848381996154785,-3.1,10,5.0,7.082290201346245,0.01131291775975954,0,123.38006319654389,8.218096287581506,0.005782293132378439,15.0,0.0,True
2022-11-14 20:36:31.481721,L,0.07682228088378906,-3.9,10,5.0,6.750599750350121,0.05711612566404001,0,127.55870222459282,-28.562134740502522,0.009467823434293282,15.0,0.0,True
2022-11-14 20:36:31.558799,L,0.07693004608154297,-3.7,10,5.0,6.185769507027996,0.057074997890100856,0,134.45667198939887,-28.65498841213236,0.009467823434293282,15.0,0.0,True
2022-11-14 20:36:31.643088,L,0.07674789428710938,-3.7,10,5.0,6.6060907602399155,0.054914232328865234,0,127.88441111871066,-27.05253631950263,0.009467823434293282,15.0,0.0,True
2022-11-14 20:36:31.714521,L,0.07804226875305176,-4.0,10,5.0,6.984724653171483,0.00564204742473954,0,123.09351928759126,12.35803404309664,0.009467823434293282,15.0,0.0,True
2022-11-14 20:36:31.792641,L,0.0779259204864502,-3.5,10,5.0,6.596769560879366,0.003343791370660398,0,128.4831372241346,14.182803248623875,0.009467823434293282,15.0,0.0,True
2022-11-14 20:36:31.871497,L,0.07766509056091309,-2.6,10,5.0,5.941517785697268,0.004725356286007295,0,136.54575018154532,13.066068643808709,0.009467823434293282,15.0,0.0,True
2022-11-14 20:36:31.951075,L,0.07810330390930176,-4.0,10,5.0,5.412190010449628,0.005352765722064677,0,142.66733551058235,12.551696591112565,0.009467823434293282,15.0,0.0,True
2022-11-14 20:36:32.027439,L,0.07795858383178711,-4.0,10,5.0,5.927299365337754,0.007309320610990603,0,135.00296614702756,10.969187308548642,0.009467823434293282,15.0,0.0,True
2022-11-14 20:36:32.105824,L,0.07772445678710938,-4.0,10,5.0,6.9387467976173145,0.007523266765904666,0,121.92364378324595,10.780711577335998,0.009467823434293282,15.0,0.0,True
2022-11-14 20:36:32.192956,L,0.08685016632080078,-3.3,10,5.0,6.939414934726159,0.054949176052969964,0,122.87930436330478,-27.30861933689449,0.009467823434293282,15.0,0.0,True
2022-11-14 20:36:32.276660,L,0.08617925643920898,-2.7,10,5.0,6.080349068307533,0.055374323549180454,0,133.99949271601713,-27.786489549238556,0.009467823434293282,15.0,0.0,True
2022-11-14 20:36:32.359673,L,0.08589529991149902,-3.4,10,5.0,6.431862472628906,0.005808355579857029,0,128.12928059865334,11.85713735572525,0.009467823434293282,15.0,0.0,True
2022-11-14 20:36:32.442619,L,0.08210134506225586,-4.0,10,5.0,6.832325397011896,0.004305786151643989,0,122.94432090150511,13.043000077328186,0.009467823434293282,15.0,0.0,True
2022-11-14 20:36:32.525448,L,0.07741165161132812,-3.0,10,5.0,6.030205059829407,0.006135672890680528,0,133.9342069807357,11.564422111057487,0.009467823434293282,15.0,0.0,True
2022-11-14 20:36:32.603027,L,0.07706522941589355,-3.6,10,5.0,5.0314549005179945,0.0065259659074470054,0,146.17416579096357,11.237285685238403,0.009467823434293282,15.0,0.0,True
2022-11-14 20:36:32.679113,L,0.07673025131225586,-3.6,10,5.0,4.701256914485242,0.005179624697111201,0,149.31674274859637,12.302661745066937,0.009467823434293282,15.0,0.0,True
2022-11-14 20:36:32.757629,L,0.07709527015686035,-4.0,10,5.0,5.625677879741534,0.0055861151587166345,0,136.49781829804812,11.964321294131878,0.009467823434293282,15.0,0.0,True
2022-11-14 20:36:32.835000,L,0.07711267471313477,-3.1,10,5.0,6.4149245104357675,0.00688525146754407,0,126.98420670864253,10.908968295626671,0.005782293132378439,15.0,0.0,True
2022-11-14 20:36:32.912070,L,0.07756662368774414,-1.9,10,5.0,6.6352847808407045,0.0548828132945489,0,124.82560274650439,-27.622812843554172,0.005782293132378439,15.0,0.0,True
2022-11-14 20:36:32.991142,L,0.07863068580627441,-4.0,10,5.0,6.148438153203972,0.05556412462170261,0,131.3904049530965,-28.29283199475834,0.005782293132378439,15.0,0.0,True
2022-11-14 20:36:33.089308,L,0.07880806922912598,-4.0,10,5.0,6.366897393449497,0.0034484295866890036,0,127.65708880534447,13.398270747630903,0.005782293132378439,15.0,0.0,True
2022-11-14 20:36:33.152365,L,0.08122515678405762,-4.0,10,5.0,6.908729364768048,0.002823441396907057,0,120.45516153310115,13.884845220799427,0.005782293132378439,15.0,0.0,True
2022-11-14 20:36:33.238444,L,0.0857536792755127,-4.0,10,5.0,7.308786881433489,0.0034373604924060773,0,115.45905211742712,13.384718418981437,0.005782293132378439,15.0,0.0,True
2022-11-14 20:36:33.332537,L,0.08356142044067383,-4.0,10,5.0,6.6496399542996905,0.006706110900348196,0,124.34845937245703,10.752587339672338,0.005782293132378439,15.0,0.0,True
2022-11-14 20:36:33.400607,L,0.07693815231323242,-4.0,10,5.0,5.684622630662105,0.005829426192075063,0,136.2887794791971,11.440985073936995,0.005782293132378439,15.0,0.0,True
2022-11-14 20:36:33.476887,L,0.07736945152282715,-2.6,10,5.0,5.446979735260367,0.009145703558964017,0,138.1242057554865,8.766192662919922,0.005782293132378439,15.0,0.0,True
2022-11-14 20:36:33.554957,L,0.07738423347473145,-4.0,10,5.0,5.792195435141401,0.007740915973826919,0,133.10575110226458,9.87266214842234,0.005782293132378439,15.0,0.0,True
2022-11-14 20:36:33.632027,L,0.07736611366271973,-1.0,10,5.0,7.0381659865498625,0.011554503666170408,0,116.67435435350279,6.79429972175039,0.005782293132378439,15.0,0.0,True
2022-11-14 20:36:33.715102,L,0.07671046257019043,1.2999999999999998,10,5.0,8.346607746891756,0.007340450597685019,0,100.36441094126415,10.149691768391639,0.005782293132378439,15.0,0.0,True
2022-11-14 20:36:33.786858,L,0.07708621025085449,-0.20000000000000018,10,5.0,6.747095582538577,0.0104647916964233,0,123.06985711366795,7.625063505331394,0.005782293132378439,15.0,0.0,True
2022-11-14 20:36:33.864938,L,0.07809996604919434,0.0,10,5.0,4.995857406963415,0.011787816613203866,0,144.25270030398335,6.539260632916415,0.005782293132378439,15.0,0.0,True
2022-11-14 20:36:33.942999,L,0.07733821868896484,-0.5,10,5.0,4.613678291493876,0.05689316948946995,0,147.1504670931928,-29.682684978438456,0.005782293132378439,15.0,0.0,True
2022-11-14 20:36:34.024071,L,0.07770729064941406,0.20000000000000018,10,5.0,5.6453438956000435,0.056062064285044594,0,132.84838769063154,-29.142554575004144,0.005782293132378439,15.0,0.0,True
2022-11-14 20:36:34.110149,L,0.08780169486999512,-0.2999999999999998,10,5.0,6.5400633677728015,0.00020709726440740816,0,122.14992105640715,15.547128074225006,0.005782293132378439,15.0,0.0,True
2022-11-14 20:36:34.197866,L,0.08760857582092285,0.0,10,5.0,6.66085044146777,0.0006866688880355226,0,121.29061840638012,15.155249801806873,0.005782293132378439,15.0,0.0,True
2022-11-14 20:36:34.282204,L,0.08504867553710938,-0.10000000000000009,10,5.0,6.345968047331127,-0.0012818951807029443,0,125.34837068410202,16.733657964901322,0.005782293132378439,15.0,0.0,True
2022-11-14 20:36:34.368512,L,0.08496665954589844,-0.10000000000000009,10,5.0,6.001378067407336,0.04933050128696613,0,129.34860414015412,-23.88819084575925,0.005782293132378439,15.0,0.0,True
2022-11-14 20:36:34.462839,L,0.08981180191040039,-0.10000000000000009,10,5.0,6.251635679774702,0.04868004848526351,0,125.43648373813758,-23.492960730506624,0.005782293132378439,15.0,0.0,True
2022-11-14 20:36:34.564933,L,0.08510255813598633,-0.10000000000000009,10,5.0,6.6376193100178,0.00012501168731639056,0,120.35104453017686,15.356382592679457,0.005782293132378439,15.0,0.0,True
2022-11-14 20:36:34.629992,L,0.08518600463867188,-0.10000000000000009,10,5.0,6.864763312679995,0.0001256959703642322,0,117.49451943237133,15.34980838654906,0.005782293132378439,15.0,0.0,True
2022-11-14 20:36:34.717088,L,0.08348941802978516,-2.0,10,5.0,6.251303296117853,0.051881684459049934,0,125.64851897844501,-26.19112858091685,0.003332184427461734,15.0,0.0,True
2022-11-14 20:36:34.800740,L,0.0864720344543457,-2.0,10,5.0,5.272015194064157,0.05216756153004677,0,137.7506481248903,-26.54899524552708,0.003332184427461734,15.0,0.0,True
2022-11-14 20:36:34.888821,L,0.08720970153808594,0.5999999999999996,10,5.0,4.931852701768891,0.0016455780624375408,0,141.10204434006434,13.870112438389178,0.003332184427461734,15.0,0.0,True
2022-11-14 20:36:34.974899,L,0.08616900444030762,0.5999999999999996,10,5.0,6.025850033430842,0.05195853373920256,0,126.13763724902125,-26.52620058700074,0.003332184427461734,15.0,0.0,True
2022-11-14 20:36:35.060977,L,0.0851888656616211,-0.20000000000000018,10,5.0,6.648176749698595,-0.00035190977690619895,0,118.92797310492283,15.335032984942584,0.003332184427461734,15.0,0.0,True
2022-11-14 20:36:35.147056,L,0.08542704582214355,-0.6000000000000001,10,5.0,7.059283313766089,-0.05069376541254701,0,113.89214622929161,55.738188490782264,0.003332184427461734,15.0,0.0,True
2022-11-14 20:36:35.234135,L,0.08681845664978027,-1.5,10,5.0,6.46502620937853,-0.00016458310460894346,0,121.93456832263747,15.303558248556733,0.003332184427461734,15.0,0.0,True
2022-11-14 20:36:35.317211,L,0.08354854583740234,0.7999999999999998,10,5.0,6.211095988660174,0.0525677084102217,0,124.39880924470332,-27.01452510938598,0.003332184427461734,15.0,0.0,True
2022-11-14 20:36:35.406869,L,0.08768463134765625,-0.7000000000000002,10,5.0,6.311317875405389,0.05172664786647248,0,122.54795228603594,-26.4713381420245,0.003332184427461734,15.0,0.0,True
2022-11-14 20:36:35.491955,L,0.08576488494873047,0.09999999999999964,10,5.0,5.96555115988351,0.05068750648828895,0,127.04898673414567,-25.7704160415201,0.003332184427461734,15.0,0.0,True
2022-11-14 20:36:35.580037,L,0.08618712425231934,-1.1,10,5.0,5.474283217766992,-0.050999655331112954,0,133.02929286563918,55.72285607813103,0.003332184427461734,15.0,0.0,True
2022-11-14 20:36:35.665359,L,0.08630108833312988,0.7999999999999998,10,5.0,5.854113072636816,0.0011349661421499048,0,127.31378954031481,13.99438100275347,0.003332184427461734,15.0,0.0,True
2022-11-14 20:36:35.779468,L,0.08519935607910156,-0.7999999999999998,10,5.0,6.232211424481626,0.005665300476290626,0,122.5629830598595,10.361142418991335,0.003332184427461734,15.0,0.0,True
2022-11-14 20:36:35.839514,L,0.08517694473266602,-2.3,10,5.0,6.725825986356636,0.055098557166300514,0,116.2098712776887,-29.331528598270214,0.003332184427461734,15.0,0.0,True
2022-11-14 20:36:35.922590,L,0.08530640602111816,-2.3,10,5.0,6.189318641687263,0.05381043891230437,0,123.65348105086136,-28.432790654671646,0.003332184427461734,15.0,0.0,True
2022-11-14 20:36:36.009668,L,0.08710622787475586,-2.3,10,5.0,6.357362816526102,0.05081064701797717,0,120.57864477246378,-26.165541468973842,0.003332184427461734,15.0,0.0,True
2022-11-14 20:36:36.097748,L,0.08750724792480469,-0.5,10,5.0,6.807699666694766,-0.052776968704582955,0,114.53651953544292,56.85459534856281,0.003332184427461734,15.0,0.0,True
2022-11-14 20:36:36.184828,L,0.0861198902130127,-1.4,10,5.0,7.242601731397645,-0.05259143125881308,0,108.94106151248582,56.83018129233925,0.003332184427461734,15.0,0.0,True
2022-11-14 20:36:36.271907,L,0.08570599555969238,-1.7000000000000002,10,5.0,6.773450161543369,-0.00013619485627759033,0,115.31928224313107,14.860243526337792,0.003332184427461734,15.0,0.0,True
2022-11-14 20:36:36.357985,L,0.08529901504516602,0.09999999999999964,10,5.0,5.9183347017206165,0.053008157815814236,0,125.87909682737643,-27.790994910810507,0.0017577903635603812,15.0,0.0,True
2022-11-14 20:36:36.444046,L,0.08386445045471191,-4.0,10,5.0,5.160577842729852,0.05087545001661457,0,134.84630353443492,-26.20634325754025,0.0017577903635603812,15.0,0.0,True
2022-11-14 20:36:36.524119,L,0.08260869979858398,-4.0,10,5.0,5.589685060924906,-0.00046689147179116884,0,128.17659558669934,14.874647833191503,0.0017577903635603812,15.0,0.0,True
2022-11-14 20:36:36.612199,L,0.08806443214416504,-4.0,10,5.0,7.2774021912055415,-0.05356372306239336,0,106.12586213863563,57.493439062384056,0.0017577903635603812,15.0,0.0,True
2022-11-14 20:36:36.697293,L,0.08518457412719727,-4.0,10,5.0,8.095444078031448,-0.006063427352411507,0,96.73813157307255,19.497092330734915,0.0017577903635603812,15.0,0.0,True
2022-11-14 20:36:36.776400,L,0.08513140678405762,-4.0,10,5.0,8.644952605681267,0.0022825800965876556,0,89.83826355610955,12.819052587945663,0.0017577903635603812,15.0,0.0,True
2022-11-14 20:36:36.886212,L,0.08540964126586914,-4.0,10,5.0,9.344753781405279,0.05483774775140034,0,80.52461763722992,-29.370764645401167,0.0017577903635603812,15.0,0.0,True
2022-11-14 20:36:36.954272,L,0.08394193649291992,-4.0,10,5.0,7.692027527785201,0.006718940335163106,0,102.69362370454492,9.119246959785984,0.0017577903635603812,15.0,0.0,True
2022-11-14 20:36:37.037348,L,0.08304023742675781,-4.0,10,5.0,4.285835065685642,0.004934987007419473,0,145.81950769240473,10.52859798531757,0.0017577903635603812,15.0,0.0,True
2022-11-14 20:36:37.120423,L,0.08277654647827148,-4.0,10,5.0,2.9978972454931148,0.05467957782788051,0,159.0602792125982,-29.409084602550596,0.0017577903635603812,15.0,0.0,True
2022-11-14 20:36:37.206518,L,0.08583331108093262,-4.0,10,5.0,4.0963063150711125,0.05507500033257833,0,143.19888301960276,-29.861277261005917,0.0017577903635603812,15.0,0.0,True
2022-11-14 20:36:37.317883,L,0.08939599990844727,-4.0,10,5.0,7.237150598386397,0.053532192010779925,0,102.87506136707353,-28.77037886851704,0.0017577903635603812,15.0,0.0,True
2022-11-14 20:36:37.390949,L,0.08830380439758301,-4.0,10,5.0,7.500626487968556,0.052096904610480325,0,102.48675253408904,-27.76016963616894,0.0017577903635603812,15.0,0.0,True
2022-11-14 20:36:37.475042,L,0.08805990219116211,-4.0,10,5.0,6.432425221166495,0.003138016134526441,0,116.5643029733336,11.404048328587887,0.0017577903635603812,15.0,0.0,True
2022-11-14 20:36:37.560118,L,0.08527112007141113,-4.0,10,5.0,5.593142109640797,0.0007071312747634362,0,126.30575765273214,13.341672631769942,0.0017577903635603812,15.0,0.0,True
2022-11-14 20:36:37.648353,L,0.0851287841796875,-4.0,10,5.0,5.271326655400069,0.052489880649255714,0,129.5151288649146,-28.22494680857822,0.001061310645428728,15.0,0.0,True
2022-11-14 20:36:37.729426,L,0.08349132537841797,-4.0,10,5.0,5.742629252811897,0.0025823146855743426,0,122.79296494761186,11.706698383055409,0.001061310645428728,15.0,0.0,True
2022-11-14 20:36:37.817507,L,0.08740949630737305,-4.0,10,5.0,5.841483536268479,0.0016402582220976741,0,121.91100583476978,12.45017252955306,0.001061310645428728,15.0,0.0,True
2022-11-14 20:36:37.903584,L,0.08585810661315918,-4.0,10,5.0,5.395642348298047,0.003423573088542788,0,127.82553193680361,11.014386911338486,0.001061310645428728,15.0,0.0,True
2022-11-14 20:36:37.990662,L,0.08526086807250977,-4.0,10,5.0,5.607793163794195,0.05303868075158183,0,124.407977912495,-28.818974445188328,0.001061310645428728,15.0,0.0,True
2022-11-14 20:36:38.073737,L,0.08480381965637207,-4.0,10,5.0,5.4600430705934,0.005717691610207739,0,126.52600350464493,9.034669671363742,0.001061310645428728,15.0,0.0,True
2022-11-14 20:36:38.158815,L,0.08394503593444824,-4.0,10,5.0,5.925536032429543,0.002690256151866479,0,120.05595276881552,11.444623619541701,0.001061310645428728,15.0,0.0,True
2022-11-14 20:36:38.243893,L,0.08556294441223145,-4.0,10,5.0,6.079119580110467,0.004063081336796438,0,118.40330829380288,10.335412904325525,0.001061310645428728,15.0,0.0,True
2022-11-14 20:36:38.348101,L,0.08569478988647461,-4.0,10,5.0,6.215929789353946,0.004737962614294546,0,116.57303759980609,9.783409013173513,0.001061310645428728,15.0,0.0,True
2022-11-14 20:36:38.416365,L,0.08535575866699219,-4.0,10,5.0,5.805138817349514,0.004645203232185665,0,122.00600021194444,9.845811294925184,0.001061310645428728,15.0,0.0,True
2022-11-14 20:36:38.526465,L,0.08578872680664062,-4.0,10,5.0,5.428558031069455,0.0035161720588271915,0,126.40913257764797,10.740107534509441,0.001061310645428728,15.0,0.0,True
2022-11-14 20:36:38.588520,L,0.0852823257446289,-4.0,10,5.0,5.269422320851515,0.054193742709915955,0,128.0204428545735,-29.94667597475093,0.001061310645428728,15.0,0.0,True
2022-11-14 20:36:38.676663,L,0.0856177806854248,-4.0,10,5.0,5.011231965891085,0.004290811769964611,0,131.23176670981803,9.976418584538413,0.001061310645428728,15.0,0.0,True
2022-11-14 20:36:38.775156,L,0.08503317832946777,-4.0,10,5.0,5.956368659198138,0.0023103071367846528,0,118.31442698071221,11.549333047001248,0.001061310645428728,15.0,0.0,True
2022-11-14 20:36:38.847567,L,0.0856015682220459,-4.0,10,5.0,6.164157795048676,0.003829764557299164,0,116.4904016835148,10.323521681940084,0.001061310645428728,15.0,0.0,True
2022-11-14 20:36:38.933653,L,0.0868995189666748,21.4,10,5.0,6.239075518489177,0.006952691438208197,0,115.53256684308788,7.806872742252596,0.001061310645428728,15.0,0.0,True
2022-11-14 20:36:39.020028,L,0.08480334281921387,-4.0,10,5.0,5.863704578860617,0.005689588413157744,0,120.41937690541637,8.803388595920152,0.001061310645428728,15.0,0.0,True
2022-11-14 20:36:39.109331,L,0.08591032028198242,-4.0,10,5.0,6.205781801666166,0.05546635275412753,0,115.26645563996992,-31.16691982351543,0.001061310645428728,15.0,0.0,True
2022-11-14 20:36:39.192510,L,0.08576488494873047,-4.0,10,5.0,6.044892804209011,0.006492318179749016,0,117.60366590583423,8.007107752595987,0.001061310645428728,15.0,0.0,True
2022-11-14 20:36:39.276603,L,0.08526062965393066,-4.0,10,5.0,6.354531875632599,0.004777614894862236,0,113.10625977361319,9.361140953561467,0.001061310645428728,15.0,0.0,True
2022-11-14 20:36:39.363231,L,0.08585715293884277,-4.0,10,5.0,5.491320604826106,0.005574535412689444,0,124.74899997532579,8.708952194625578,0.001061310645428728,15.0,0.0,True
2022-11-14 20:36:39.448326,L,0.08523893356323242,-4.0,10,5.0,5.155439273975816,0.005129822291242835,0,128.1417198131766,9.051749866223856,0.001061310645428728,15.0,0.0,True
2022-11-14 20:36:39.534608,L,0.08531451225280762,-4.0,10,5.0,4.870995331362346,0.007088091854827632,0,131.51641849863583,7.466710994498752,0.001061310645428728,15.0,0.0,True
2022-11-14 20:36:39.622867,L,0.0869455337524414,-4.0,10,5.0,5.663588893962123,0.007160848557388443,0,120.6448994969278,7.390048685714317,0.001061310645428728,15.0,0.0,True
2022-11-14 20:36:39.709946,L,0.08737993240356445,-4.0,10,5.0,6.051799196230306,0.05543829603469365,0,116.2698828161394,-31.38275176883945,0.0011956173803898866,15.0,0.0,True
2022-11-14 20:36:39.807033,L,0.08695006370544434,-4.0,10,5.0,6.434025777696439,0.05364760243390968,0,111.43847191337085,-30.08440581264598,0.0011956173803898866,15.0,0.0,True
2022-11-14 20:36:39.885112,L,0.08697962760925293,-4.0,10,5.0,5.907915999940821,0.0035089607566482794,0,118.63830759247429,10.022909753194469,0.0011956173803898866,15.0,0.0,True
2022-11-14 20:36:39.970196,L,0.08561944961547852,-4.0,10,5.0,5.645905897474738,0.0017981523715882648,0,121.37297612271546,11.381373160054965,0.0011956173803898866,15.0,0.0,True
2022-11-14 20:36:40.058261,L,0.08639693260192871,-4.0,10,5.0,5.352325349578754,0.05335512634623955,0,124.86885036654424,-30.00866486692121,0.0011956173803898866,15.0,0.0,True
2022-11-14 20:36:40.142063,L,0.08360505104064941,-4.0,10,5.0,5.535871061637188,0.004583654969319264,0,122.01735537949392,9.008816743202607,0.0011956173803898866,15.0,0.0,True
2022-11-14 20:36:40.229315,L,0.08729910850524902,-4.0,10,5.0,5.222630674470468,0.002504495516165407,0,126.31572094271745,10.659989708377173,0.0011956173803898866,15.0,0.0,True
2022-11-14 20:36:40.308460,L,0.08727335929870605,-4.0,10,5.0,5.0366830563864955,0.052010481547961625,0,128.39494007541506,-29.08688368520908,0.0011956173803898866,15.0,0.0,True
2022-11-14 20:36:40.404376,L,0.08717179298400879,-4.0,10,5.0,5.4880338807080005,0.05007899478425914,0,122.1628095281735,-27.666764454964433,0.0011956173803898866,15.0,0.0,True
2022-11-14 20:36:40.492456,L,0.08749866485595703,-4.0,10,5.0,5.946501479486492,-0.0010974526444525472,0,116.48936378864833,13.282901510885093,0.0011956173803898866,15.0,0.0,True
2022-11-14 20:36:40.580534,L,0.08669757843017578,-4.0,10,5.0,6.337547078541315,-0.04956856381112024,0,111.63781779556612,52.188456678000556,0.0011956173803898866,15.0,0.0,True
2022-11-14 20:36:40.665611,L,0.08540606498718262,-4.0,10,5.0,6.131361855324446,-0.0004686482258759343,0,114.61125327249162,12.898385149064747,0.0011956173803898866,15.0,0.0,True
2022-11-14 20:36:40.750697,L,0.08499884605407715,-4.0,10,5.0,5.9351611889185705,0.050975393571460734,0,116.79609593011548,-28.38713710375347,0.0011956173803898866,15.0,0.0,True
2022-11-14 20:36:40.835782,L,0.08523988723754883,-4.0,10,5.0,5.662481642282746,0.050633655936016236,0,120.04437997508239,-28.237134795411457,0.0011956173803898866,15.0,0.0,True
2022-11-14 20:36:40.923845,L,0.08695316314697266,-4.0,10,5.0,5.770529982813727,-0.0007892819335729137,0,118.16964280567866,12.909148192071111,0.0011956173803898866,15.0,0.0,True
2022-11-14 20:36:41.021934,L,0.08613276481628418,-4.0,10,5.0,5.144169102906992,-0.00012464619703140558,0,126.51260235254827,12.37177065611306,0.0011956173803898866,15.0,0.0,True
2022-11-14 20:36:41.098019,L,0.08694815635681152,-4.0,10,5.0,4.912943361780617,0.001419580803151996,0,128.8411812963756,11.132585718867567,0.0011956173803898866,15.0,0.0,True
2022-11-14 20:36:41.194088,L,0.0929715633392334,-4.0,10,10.0,5.130302570995379,0.053321684632225606,0,192.01661981624426,-30.543224330972233,0.0011956173803898866,15.0,0.0,True
2022-11-14 20:36:41.298181,L,0.08706259727478027,-4.0,10,10.0,5.85350863733521,0.003137377596015974,0,178.08528452158316,9.607373592885164,0.0011956173803898866,15.0,0.0,True
2022-11-14 20:36:41.367243,L,0.08530426025390625,-4.0,10,10.0,9.058283060837754,-0.00012379606144694963,0,136.8624550413875,12.211247464049741,0.0011956173803898866,15.0,0.0,True
2022-11-14 20:36:41.463329,L,0.08775067329406738,-4.0,10,10.0,11.07868698490823,0.0020485259146293153,0,113.8827349815249,10.467367242142847,0.0011956173803898866,15.0,0.0,True
2022-11-14 20:36:41.540415,L,0.08661508560180664,-4.0,10,10.0,9.75122205565531,0.05286647538752458,0,133.69044938254498,-30.329982910202215,0.0011956173803898866,15.0,0.0,True
2022-11-14 20:36:41.627590,L,0.08575177192687988,-4.0,10,10.0,7.57470727388055,0.052633990129254946,0,161.2301278150879,-30.273504228223576,0.0011956173803898866,15.0,0.0,True
2022-11-14 20:36:41.713667,L,0.08591961860656738,-4.0,10,10.0,6.659065754852058,0.002756966538912257,0,171.31946793734735,9.626786286945721,0.0011956173803898866,15.0,0.0,True
2022-11-14 20:36:41.798753,L,0.08483481407165527,-4.0,10,10.0,8.186248229101519,-0.0005265838778667781,0,150.43513764759462,12.249548772238036,0.0011956173803898866,15.0,0.0,True
2022-11-14 20:36:41.904849,L,0.0844721794128418,-4.0,10,10.0,9.84219638095897,0.0017012506272683962,0,130.43025615711238,10.462319129565495,0.0011956173803898866,15.0,0.0,True
2022-11-14 20:36:41.970592,L,0.08553218841552734,-4.0,10,10.0,10.15748539519417,0.0028621341641243848,0,128.2115749149615,9.526396173252875,0.0011956173803898866,15.0,0.0,True
2022-11-14 20:36:42.055677,L,0.08545136451721191,-4.0,10,10.0,9.169782395098359,0.002507066978788833,0,141.73038336130213,9.804200229410737,0.0011956173803898866,15.0,0.0,True
2022-11-14 20:36:42.142195,L,0.08533596992492676,-4.0,10,10.0,8.284765247018697,0.004008544214169295,0,152.52456332215124,8.59253874996212,0.0011956173803898866,15.0,0.0,True
2022-11-14 20:36:42.226606,L,0.08514046669006348,-4.0,10,10.0,8.192752368897148,0.05263707378048547,0,153.00743209724286,-30.45026686980573,0.0011956173803898866,15.0,0.0,True
2022-11-14 20:36:42.308364,L,0.08528900146484375,-4.0,10,10.0,9.060074090039164,0.05212633153431667,0,141.63490933065628,-30.16927570731496,0.0011956173803898866,15.0,0.0,True
2022-11-14 20:36:42.392048,L,0.0850825309753418,-4.0,10,10.0,9.416229416346651,0.0030463010541925814,0,138.05870389358245,9.092681703225704,0.0013332942563332782,15.0,0.0,True
2022-11-14 20:36:42.474938,L,0.08551502227783203,-4.0,10,10.0,9.245216410740092,0.0012909619838953807,0,140.8585305323012,10.488077806656227,0.0013332942563332782,15.0,0.0,True
2022-11-14 20:36:42.558191,L,0.08487558364868164,-4.0,10,10.0,8.747513782515647,0.0036813731119819345,0,147.42998381033473,8.565888239614777,0.0013332942563332782,15.0,0.0,True
2022-11-14 20:36:42.654936,L,0.08402633666992188,-4.0,10,10.0,8.159128626859385,0.05455440963408136,0,154.9138171884011,-32.27583397233005,0.0013332942563332782,15.0,0.0,True
2022-11-14 20:36:42.739441,L,0.08538937568664551,-4.0,10,10.0,7.92002251587817,0.05382135165621794,0,157.71808607897148,-31.821120474064582,0.0013332942563332782,15.0,0.0,True
2022-11-14 20:36:42.825502,L,0.08437991142272949,-4.0,10,10.0,8.168597388391984,0.0010230889792139585,0,154.46964610807942,10.421071181608614,0.0013332942563332782,15.0,0.0,True
2022-11-14 20:36:42.909595,L,0.08359909057617188,-4.0,10,10.0,8.913175568945276,-0.0010202632908832279,0,145.12035967251114,12.052299005327063,0.0013332942563332782,15.0,0.0,True
2022-11-14 20:36:42.994654,L,0.08464646339416504,-4.0,10,10.0,9.151254413317394,0.0014397425678955742,0,143.0164910091957,10.0801032007985,0.0013332942563332782,15.0,0.0,True
2022-11-14 20:36:43.079749,L,0.08539772033691406,-4.0,10,10.0,9.005771539374546,0.0015589716226314884,0,145.38371698619562,9.981002637931676,0.0013332942563332782,15.0,0.0,True
2022-11-14 20:36:43.165810,L,0.08539628982543945,-4.0,10,10.0,8.518552881568874,0.05228754960584682,0,151.8835402916273,-30.74174104182781,0.0013332942563332782,15.0,0.0,True
2022-11-14 20:36:43.241319,L,0.08578705787658691,-4.0,10,10.0,8.230974936664056,0.05168481976263239,0,155.4026790989899,-30.386563194558992,0.0013332942563332782,15.0,0.0,True
2022-11-14 20:36:43.367012,L,0.08783459663391113,-4.0,10,10.0,8.07880510487719,0.0003647524369618761,0,157.40423473612506,10.674302078529852,0.0013332942563332782,15.0,0.0,True
2022-11-14 20:36:43.428067,L,0.08787775039672852,-4.0,10,10.0,8.709615881057857,-0.0010564630835093853,0,149.17022400179152,11.808378601436653,0.0013332942563332782,15.0,0.0,True
2022-11-14 20:36:43.517149,L,0.08809614181518555,-4.0,10,10.0,9.371621754890864,0.0019553389158587756,0,141.30323812917766,9.393265664355386,0.0013332942563332782,15.0,0.0,True
2022-11-14 20:36:43.605226,L,0.08791661262512207,-4.0,10,10.0,9.556352070551853,0.005013354991516257,0,139.70582088633284,6.933624133460786,0.0013332942563332782,15.0,0.0,True
2022-11-14 20:36:43.691615,L,0.08689260482788086,-4.0,10,10.0,8.820223272519586,0.05420415543090313,0,149.80168495411206,-32.565627697572296,0.0013332942563332782,15.0,0.0,True
2022-11-14 20:36:43.776433,L,0.08486056327819824,-4.0,10,10.0,7.260587122313316,0.05335572128756356,0,169.97296514818902,-32.01695319677314,0.0013332942563332782,15.0,0.0,True
2022-11-14 20:36:43.858477,L,0.08382391929626465,-4.0,10,10.0,7.362285844029628,0.052437352522549184,0,167.23558236028347,-31.414113737459154,0.0013332942563332782,15.0,0.0,True
2022-11-14 20:36:43.940375,L,0.08531641960144043,-4.0,10,10.0,9.028702035711191,-0.0024625227451225773,0,145.57242899818957,12.51841458069065,0.0013332942563332782,15.0,0.0,True
2022-11-14 20:36:44.026516,L,0.08554553985595703,-4.0,10,10.0,10.479763665097334,-0.053483664829608354,0,128.33458014592603,53.47211627147119,0.0013332942563332782,15.0,0.0,True
2022-11-14 20:36:44.122243,L,0.08754420280456543,-4.0,10,10.0,10.149798859560146,-0.001939001018342067,0,134.3410866311339,12.22962561875627,0.0013332942563332782,15.0,0.0,True
2022-11-14 20:36:44.208353,L,0.08571767807006836,-4.0,10,10.0,9.027820693474524,0.053598538093986334,0,148.9035010247403,-32.3388272169131,0.0013332942563332782,15.0,0.0,True
2022-11-14 20:36:44.291700,L,0.08414411544799805,-4.0,10,10.0,7.960859239428003,0.05259041960420366,0,162.00929586272062,-31.658488723555124,0.0013332942563332782,15.0,0.0,True
2022-11-14 20:36:44.374687,L,0.0848231315612793,-4.0,10,10.0,7.733578686325754,0.0025640656349697056,0,164.12108211528255,8.361847606401916,0.0013332942563332782,15.0,0.0,True
2022-11-14 20:36:44.474088,L,0.0841829776763916,-4.0,10,10.0,8.39976447063656,0.001205073767302427,0,155.33697695427122,9.440261407264076,0.0013332942563332782,15.0,0.0,True
2022-11-14 20:36:44.549468,L,0.08546566963195801,-4.0,10,10.0,9.333717933002363,0.003682690793539625,0,143.94199638469055,7.448274147967631,0.0013332942563332782,15.0,0.0,True
2022-11-14 20:36:44.633986,L,0.08556437492370605,-4.0,10,10.0,9.769659200348347,0.007444645820464365,0,139.33341189839754,4.419450464905754,0.0013332942563332782,15.0,0.0,True
2022-11-14 20:36:44.725351,L,0.0875558853149414,-4.0,10,10.0,9.372858015164896,0.056108907301576035,0,145.16753290141583,-34.664457087859105,0.0013332942563332782,15.0,0.0,True
2022-11-14 20:36:44.808347,L,0.08522701263427734,-4.0,10,10.0,8.323270586655303,0.056953064242111294,0,158.82670937943286,-35.47994179411172,0.0013332942563332782,15.0,0.0,True
2022-11-14 20:36:44.891621,L,0.08554601669311523,-4.0,10,10.0,7.863760101624978,0.005640000535638757,0,164.01195921927928,5.562132131309583,0.0013332942563332782,15.0,0.0,True
2022-11-14 20:36:44.974821,L,0.0851736068725586,-4.0,10,10.0,8.552402777755717,0.0021040590278824027,0,154.6491746804364,8.379925874239856,0.0013332942563332782,15.0,0.0,True
2022-11-14 20:36:45.057931,L,0.0852818489074707,-4.0,10,10.0,9.32465141980007,0.005167737558649182,0,145.40037222913682,5.914987236434216,0.0013332942563332782,15.0,0.0,True
2022-11-14 20:36:45.141178,L,0.0854940414428711,-4.0,10,10.0,9.71587147416283,0.007573118277071234,0,141.2022401739868,3.9713368579460724,0.0013332942563332782,15.0,0.0,True
2022-11-14 20:36:45.239997,L,0.08743000030517578,-4.0,10,10.0,9.281417215722481,0.007052953658430192,0,147.4958585509511,4.3693102063101135,0.0013332942563332782,15.0,0.0,True
2022-11-14 20:36:45.324577,L,0.08682966232299805,-4.0,10,10.0,8.171841988086392,0.010668545827811984,0,161.9091970675647,1.4485701882934021,0.0013332942563332782,15.0,0.0,True
2022-11-14 20:36:45.406882,L,0.08588695526123047,-4.0,10,10.0,7.879609795536561,0.058996269848466634,0,164.84258743954717,-37.37082982652679,0.0013332942563332782,15.0,0.0,True
2022-11-14 20:36:45.491173,L,0.0858151912689209,-4.0,10,10.0,8.23233557766087,0.05918067612174822,0,160.1619813119532,-37.665107465940224,0.0013332942563332782,15.0,0.0,True
2022-11-14 20:36:45.585917,L,0.08638167381286621,-4.0,10,10.0,9.149771478199927,0.05681723391030173,0,148.6485959848895,-35.921297636426594,0.0013332942563332782,15.0,0.0,True
2022-11-14 20:36:45.672491,L,0.08535194396972656,-4.0,10,10.0,9.713322595281335,0.005203452294180807,0,142.3367244439677,5.362177480009179,0.0013332942563332782,15.0,0.0,True
2022-11-14 20:36:45.759626,L,0.08477640151977539,-4.0,10,10.0,9.611537403372495,-0.0005255466998421973,0,144.404342253445,9.941341900345906,0.0013332942563332782,15.0,0.0,True
2022-11-14 20:36:45.840965,L,0.0832524299621582,-4.0,10,10.0,8.66876387517568,0.0006736869563149963,0,156.95164639761717,8.979452567687416,0.0014237791755360876,15.0,0.0,True
2022-11-14 20:36:45.927042,L,0.08629941940307617,-4.0,10,10.0,7.846343857099582,0.0022271594638295614,0,167.01296193965868,7.73087252288978,0.0014237791755360876,15.0,0.0,True
2022-11-14 20:36:46.040145,L,0.08736991882324219,-4.0,10,10.0,8.11800390833633,0.05165507446859549,0,162.8179857273637,-31.95232977617815,0.0014237791755360876,15.0,0.0,True
2022-11-14 20:36:46.104201,L,0.08858180046081543,-4.0,10,10.0,9.227831834587766,0.04975668987826875,0,148.6948967635837,-30.559976595526145,0.0014237791755360876,15.0,0.0,True
2022-11-14 20:36:46.192279,L,0.08621931076049805,-4.0,10,10.0,10.032096432145497,-0.051717765130433496,0,139.35825913907183,50.76491454663515,0.0014237791755360876,15.0,0.0,True
2022-11-14 20:36:46.279375,L,0.0871725082397461,-4.0,10,10.0,10.072459183604664,-0.004956507416346718,0,139.74778367084778,13.351736948188917,0.0014237791755360876,15.0,0.0,True
2022-11-14 20:36:46.365435,L,0.0854802131652832,-4.0,10,10.0,9.371900672504612,0.001194174453245113,0,149.12772443511332,8.43277378013939,0.0014237791755360876,15.0,0.0,True
2022-11-14 20:36:46.450529,L,0.08524918556213379,-4.0,10,10.0,8.581935819681512,0.0008676231402260838,0,158.95617779789268,8.69255375559456,0.0014237791755360876,15.0,0.0,True
2022-11-14 20:36:46.537607,L,0.0865323543548584,-4.0,10,10.0,8.317069083058033,-7.528798003697135e-05,0,161.8052705751635,9.44714875799301,0.0014237791755360876,15.0,0.0,True
2022-11-14 20:36:46.624799,L,0.08683919906616211,-4.0,10,10.0,10.088120456919027,-0.0018361850812858333,0,138.19179889642766,10.8607438346929,0.0014237791755360876,15.0,0.0,True
2022-11-14 20:36:46.707888,L,0.08608245849609375,-4.0,10,10.0,10.409836893168878,-0.00217020171529453,0,135.92637232986374,11.133397656056616,0.0014237791755360876,15.0,0.0,True
2022-11-14 20:36:46.790921,L,0.08664727210998535,-4.0,10,10.0,9.421096438734374,5.456489972862324e-05,0,149.4064188828789,9.353146963808136,0.0014237791755360876,15.0,0.0,True
2022-11-14 20:36:46.884517,L,0.08526778221130371,-4.0,10,10.0,8.048568529426705,-0.00025425772496253984,0,166.6781001837108,9.601148442602845,0.0014237791755360876,15.0,0.0,True
2022-11-14 20:36:46.974153,L,0.08508896827697754,-4.0,10,10.0,7.706332795580228,0.002490131818017848,0,169.96780217656737,7.398921576058683,0.0014237791755360876,15.0,0.0,True
2022-11-14 20:36:47.057245,L,0.08351492881774902,-4.0,10,10.0,8.694345664825711,0.053333099111439054,0,156.74448428288048,-33.41484091586321,0.0014237791755360876,15.0,0.0,True
2022-11-14 20:36:47.141303,L,0.08678388595581055,-4.0,10,10.0,10.062875040322528,0.004792193714701084,0,139.91731663033468,5.417088043999153,0.0014237791755360876,15.0,0.0,True
2022-11-14 20:36:47.228381,L,0.08688974380493164,-4.0,10,10.0,10.621526919313997,0.0004150863359687398,0,134.0394815440031,8.912602390247535,0.0014237791755360876,15.0,0.0,True
2022-11-14 20:36:47.314476,L,0.08536291122436523,-4.0,10,10.0,10.077339236780723,0.001364059829740583,0,141.8369723095912,8.149315468182577,0.0014237791755360876,15.0,0.0,True
2022-11-14 20:36:47.401656,L,0.0855715274810791,-4.0,10,10.0,8.354163946282004,0.0033808226990409357,0,164.1729752895413,6.527101595633553,0.0014237791755360876,15.0,0.0,True
2022-11-14 20:36:47.486733,L,0.08538293838500977,-4.0,10,10.0,7.4982900336362865,0.005646522065859654,0,173.85933842038747,4.7000489269515615,0.0014237791755360876,15.0,0.0,True
2022-11-14 20:36:47.571811,L,0.08539366722106934,-4.0,10,15.0,8.399546065324648,0.006166004039279794,0,227.9689673661048,4.268871740912904,0.0014237791755360876,15.0,0.0,True
2022-11-14 20:36:47.655027,L,0.08261513710021973,-4.0,10,15.0,9.797024653000179,0.0071739803257060124,0,205.56753871806637,3.4446491558406724,0.0014237791755360876,15.0,0.0,True
2022-11-14 20:36:47.742088,L,0.08576703071594238,-4.0,10,15.0,13.053554180532576,0.007400199310095454,0,164.71767088589965,3.2447288073673284,0.0014237791755360876,15.0,0.0,True
2022-11-14 20:36:47.830167,L,0.08757853507995605,-4.0,10,15.0,14.47859711580016,0.05560972276189993,0,149.8782709793194,-35.47447483885951,0.0014237791755360876,15.0,0.0,True
2022-11-14 20:36:47.918247,L,0.0875234603881836,-4.0,10,15.0,12.384022428356863,0.055297038090863,0,179.49140408978624,-35.3639803008089,0.0014237791755360876,15.0,0.0,True
2022-11-14 20:36:48.004334,L,0.08647418022155762,-4.0,10,15.0,10.3925902813965,0.005567854403880644,0,204.0951969230065,4.4106374087552975,0.0014237791755360876,15.0,0.0,True
2022-11-14 20:36:48.089402,L,0.0843040943145752,-4.0,10,15.0,10.853103281905113,-0.0014296197631940323,0,196.4190683193428,10.007311699046822,0.0015513928618567992,15.0,0.0,True
2022-11-14 20:36:48.175479,L,0.08597183227539062,-4.0,10,15.0,12.906858022032562,-0.0020731705774033092,0,170.29129683874132,10.52674420681988,0.0015513928618567992,15.0,0.0,True
2022-11-14 20:36:48.261574,L,0.08581376075744629,-4.0,10,15.0,12.72203342488329,0.0015541302938311293,0,175.50440183999274,7.62040498632117,0.0015513928618567992,15.0,0.0,True
2022-11-14 20:36:48.347633,L,0.08396530151367188,-4.0,10,15.0,10.29291471927261,0.0035940585940304037,0,208.12191425295958,5.979588805339533,0.0015513928618567992,15.0,0.0,True
2022-11-14 20:36:48.425766,L,0.08568692207336426,-4.0,10,15.0,10.7729770224852,0.004996155141215369,0,199.63231323168162,4.845147731699652,0.0015513928618567992,15.0,0.0,True
2022-11-14 20:36:48.507466,L,0.08602786064147949,-4.0,10,15.0,11.974720994564676,0.0548736109852617,0,184.89522950841723,-35.20407092002999,0.0015513928618567992,15.0,0.0,True
2022-11-14 20:36:48.608369,L,0.08547806739807129,-4.0,10,15.0,13.712783695002507,0.05486446066045071,0,163.62211532165827,-35.33164300577722,0.0015513928618567992,15.0,0.0,True
2022-11-14 20:36:48.690750,L,0.08513474464416504,-4.0,10,15.0,12.701926772849848,0.05251241042376052,0,179.36439480664583,-33.58384653264072,0.0015513928618567992,15.0,0.0,True
2022-11-14 20:36:48.774744,L,0.08371520042419434,-4.0,10,15.0,11.527749655126733,-0.000578838874621695,0,194.25110461761375,8.896672249414685,0.0015513928618567992,15.0,0.0,True
2022-11-14 20:36:48.861885,L,0.08571863174438477,-4.0,10,15.0,11.652267435746387,-0.053573923794347514,0,191.78296865409294,51.43034924616248,0.0015513928618567992,15.0,0.0,True
2022-11-14 20:36:48.947354,L,0.0858314037322998,-4.0,10,15.0,12.879342077225184,-0.005253721097899796,0,176.13774076436536,12.77590300553181,0.0015513928618567992,15.0,0.0,True
2022-11-14 20:36:49.033683,L,0.0856313705444336,-4.0,10,15.0,12.946726415519315,0.002122245242438806,0,177.03172044770568,6.874446312296162,0.0015513928618567992,15.0,0.0,True
2022-11-14 20:36:49.119885,L,0.08453178405761719,-4.0,10,15.0,12.610658149792442,0.004673597929259743,0,181.94474586082944,4.822071676650433,0.0015513928618567992,15.0,0.0,True
2022-11-14 20:36:49.205232,L,0.08537840843200684,-4.0,10,15.0,10.728279898297455,0.007702051776693194,0,207.0698932362571,2.379528043165,0.0015513928618567992,15.0,0.0,True
2022-11-14 20:36:49.290775,L,0.0850827693939209,-4.0,10,15.0,11.783997720093621,0.05818271280689854,0,191.50297200598314,-38.15908958539729,0.0015513928618567992,15.0,0.0,True
2022-11-14 20:36:49.391449,L,0.08455419540405273,-4.0,10,15.0,13.820200947574945,0.05721247942319749,0,166.10069646346437,-37.52198166258004,0.0015513928618567992,15.0,0.0,True
2022-11-14 20:36:49.460820,L,0.08548998832702637,-4.0,10,15.0,13.565666653563738,0.055458477775105125,0,172.10624951391543,-36.2609242591429,0.0015513928618567992,15.0,0.0,True
2022-11-14 20:36:49.540915,L,0.08573007583618164,-4.0,10,15.0,12.40472675719133,0.0037840869328244426,0,187.5389588365844,5.074678511018305,0.0015513928618567992,15.0,0.0,True
2022-11-14 20:36:49.623998,L,0.08720922470092773,-4.0,10,15.0,11.889384795680204,-0.0009805036159056307,0,193.50235661594817,8.883434990465258,0.0015513928618567992,15.0,0.0,True
2022-11-14 20:36:49.722061,L,0.08664226531982422,-4.0,10,15.0,12.544896846658899,-0.00037254772745752584,0,184.71414435162353,8.39742212236304,0.001764370494074041,15.0,0.0,True
2022-11-14 20:36:49.807533,L,0.0877530574798584,-4.0,10,15.0,13.030215923576026,-0.0009799736980819847,0,179.43954675104868,8.886082157943886,0.001764370494074041,15.0,0.0,True
2022-11-14 20:36:49.891656,L,0.08468866348266602,-4.0,10,15.0,12.830990630533728,0.0005572942495845114,0,182.98592652643597,7.654601164814106,0.001764370494074041,15.0,0.0,True
2022-11-14 20:36:49.974380,L,0.08582067489624023,-4.0,10,15.0,12.732565981633714,0.0019282430410403556,0,184.435649809592,6.552899412247606,0.001764370494074041,15.0,0.0,True
2022-11-14 20:36:50.057282,L,0.08435583114624023,-4.0,10,15.0,12.400035005851816,0.0013794060148266051,0,189.14417987065016,6.988703012873139,0.001764370494074041,15.0,0.0,True
2022-11-14 20:36:50.152374,L,0.08541631698608398,-4.0,10,15.0,11.885489235876047,-0.00028321351384153105,0,196.05898635853916,8.319653954270152,0.001764370494074041,15.0,0.0,True
2022-11-14 20:36:50.238448,L,0.0854799747467041,-4.0,10,15.0,12.040671129978834,0.0006360952309664557,0,193.91879101868534,7.582273560679073,0.001764370494074041,15.0,0.0,True
2022-11-14 20:36:50.323999,L,0.0853579044342041,-4.0,10,15.0,12.758638462536018,0.0035407252376634417,0,185.0262349148145,5.249269947061657,0.001764370494074041,15.0,0.0,True
2022-11-14 20:36:50.407645,L,0.08490920066833496,-4.0,10,15.0,13.302181736837124,0.005944318486756719,0,178.993015680623,3.311310738127461,0.001764370494074041,15.0,0.0,True
2022-11-14 20:36:50.506156,L,0.08564639091491699,-4.0,10,15.0,12.706748998911612,0.00686147494854598,0,187.8663945941012,2.5601317433822954,0.001764370494074041,15.0,0.0,True
2022-11-14 20:36:50.574019,L,0.08436155319213867,-4.0,10,15.0,11.911559894397543,0.005451247216392791,0,198.1771294068095,3.6747919097981288,0.001764370494074041,15.0,0.0,True
2022-11-14 20:36:50.667268,L,0.08588218688964844,-4.0,10,15.0,12.370347689343001,0.0056938919419889655,0,191.64655388296438,3.465810594614277,0.001764370494074041,15.0,0.0,True
2022-11-14 20:36:50.755364,L,0.08781290054321289,-4.0,10,15.0,13.541306784595553,0.005226236659140213,0,177.0519644366873,3.8262483999766568,0.001764370494074041,15.0,0.0,True
2022-11-14 20:36:50.841742,L,0.0858609676361084,-4.0,10,15.0,13.291947137211865,0.005419602638326976,0,181.96148340737253,3.65751987012605,0.001764370494074041,15.0,0.0,True
2022-11-14 20:36:50.924920,L,0.08498549461364746,-4.0,10,15.0,12.254361347130938,0.00794512262130824,0,195.80966672755028,1.6165726285828403,0.001764370494074041,15.0,0.0,True
2022-11-14 20:36:51.007495,L,0.08678960800170898,-4.0,10,15.0,11.945136443359644,0.008946699615687677,0,199.1860214267665,0.7921983843422249,0.001764370494074041,15.0,0.0,True
2022-11-14 20:36:51.090498,L,0.08531665802001953,-4.0,10,15.0,12.746164191360155,0.008177690916232726,0,188.663087519017,1.3866800848192151,0.001764370494074041,15.0,0.0,True
2022-11-14 20:36:51.186431,L,0.0851430892944336,-4.0,10,15.0,13.598841732142109,0.008352877912048284,0,178.60697860081515,1.225084081850315,0.001764370494074041,15.0,0.0,True
2022-11-14 20:36:51.275567,L,0.0853111743927002,-4.0,10,15.0,12.890820635932451,0.007247845846043843,0,189.29449680582354,2.0907101726041795,0.001764370494074041,15.0,0.0,True
2022-11-14 20:36:51.357207,L,0.08515644073486328,-4.0,10,15.0,12.199580075862809,0.00650369087492149,0,198.04813359530021,2.6693770717348313,0.001764370494074041,15.0,0.0,True
2022-11-14 20:36:51.443520,L,0.08521389961242676,-4.0,10,15.0,12.83683662573162,0.008155621635026929,0,189.21015625937767,1.3267020501810531,0.001764370494074041,15.0,0.0,True
2022-11-14 20:36:51.527586,L,0.08455586433410645,-4.0,10,15.0,13.390635911720123,0.010193878160915038,0,182.92960809384917,-0.32980893335798345,0.001764370494074041,15.0,0.0,True
2022-11-14 20:36:51.612699,L,0.08424234390258789,-4.0,10,15.0,13.068555333209275,0.05800665244076302,0,188.15727089058623,-38.7320614162214,0.001764370494074041,15.0,0.0,True
2022-11-14 20:36:51.723230,L,0.0848085880279541,-4.0,10,15.0,12.799015393320763,0.056366832845146694,0,191.70057024725318,-37.55774850701055,0.001764370494074041,15.0,0.0,True
2022-11-14 20:36:51.783283,L,0.08404135704040527,-4.0,10,15.0,13.559248044006008,0.00014654706343935725,0,181.5975289253137,7.424606880132171,0.001764370494074041,15.0,0.0,True
2022-11-14 20:36:51.888786,L,0.0876617431640625,-4.0,10,15.0,13.77447038781532,-0.003522729001686502,0,179.8888038600329,10.363020963720844,0.001764370494074041,15.0,0.0,True
2022-11-14 20:36:51.954588,L,0.08384943008422852,-4.0,10,15.0,13.363933280273306,-0.0026906058868624207,0,185.82474251685707,9.703572832695677,0.001764370494074041,15.0,0.0,True
2022-11-14 20:36:52.042666,L,0.08451032638549805,-4.0,10,15.0,12.549181826124258,-3.758017537768939e-05,0,196.49047166043954,7.581032851882092,0.001764370494074041,15.0,0.0,True
2022-11-14 20:36:52.134211,L,0.09381818771362305,-4.0,10,15.0,13.016045862872401,0.0012116144313673329,0,189.7986537306965,6.578447800977629,0.0007525096224043511,15.0,0.0,True
2022-11-14 20:36:52.244128,L,0.09015226364135742,-4.0,10,15.0,13.966268284029962,0.05215948555478209,0,178.02597806888423,-34.32643613154248,0.0007525096224043511,15.0,0.0,True
2022-11-14 20:36:52.311188,L,0.08531618118286133,-4.0,10,15.0,13.034524849868095,0.05076201691990291,0,191.68839877987077,-33.33257075426812,0.0007525096224043511,15.0,0.0,True
2022-11-14 20:36:52.396426,L,0.08454322814941406,-4.0,10,15.0,13.154376174042666,0.0009820752622299673,0,189.32838316605634,6.494616043846332,0.0007525096224043511,15.0,0.0,True
2022-11-14 20:36:52.479500,L,0.08396768569946289,-4.0,10,15.0,14.103858333248963,-0.005311177134472951,0,177.09608359845254,11.53745835867041,0.0007525096224043511,15.0,0.0,True
2022-11-14 20:36:52.564514,L,0.08529925346374512,31.200000000000003,10,15.0,15.115409913315384,-0.008028048791697124,0,164.8826611642726,13.731068307076503,0.0007525096224043511,15.0,0.0,True
2022-11-14 20:36:52.650861,L,0.0855565071105957,31.200000000000003,10,15.0,12.759521438278322,-0.0062586097042127324,0,197.4761887779765,12.331055654801334,0.0007525096224043511,15.0,0.0,True
2022-11-14 20:36:52.735936,L,0.08533596992492676,31.200000000000003,10,15.0,10.763548249486728,-0.006610578948908847,0,221.73626404019836,12.629802715926294,0.0007525096224043511,15.0,0.0,True
2022-11-14 20:36:52.821998,L,0.08484745025634766,31.200000000000003,10,15.0,11.755586531031609,-0.0026077775092314026,0,206.8742040387613,9.433686452744151,0.0007525096224043511,15.0,0.0,True
2022-11-14 20:36:52.906091,L,0.084136962890625,31.200000000000003,10,15.0,14.124730587314385,0.0018893980562828888,0,176.94514424568703,5.831114211876871,0.0007525096224043511,15.0,0.0,True
2022-11-14 20:36:52.990571,L,0.08521246910095215,31.200000000000003,10,15.0,14.033001497618143,0.0518290179800692,0,181.1341598476623,-34.25840217845515,0.0007525096224043511,15.0,0.0,True
2022-11-14 20:36:53.075513,L,0.08354568481445312,31.200000000000003,10,15.0,12.35598748378376,-0.00010038254075114963,0,203.59977396436432,7.297446123210569,0.0007525096224043511,15.0,0.0,True
2022-11-14 20:36:53.158745,L,0.08796119689941406,31.200000000000003,10,15.0,11.78458445786272,-0.0009376675613845325,0,209.66458016145768,7.9636279894117745,0.0007525096224043511,15.0,0.0,True
2022-11-14 20:36:53.251515,L,0.08645081520080566,31.200000000000003,10,15.0,12.158357999564123,-0.00014733769341554904,0,204.5886601529174,7.331559611353148,0.0007525096224043511,15.0,0.0,True
2022-11-14 20:36:53.341370,L,0.08621525764465332,31.200000000000003,10,15.0,13.768642253826476,0.05326200834439375,0,184.0421781496327,-35.539780615766716,0.0007525096224043511,15.0,0.0,True
2022-11-14 20:36:53.423618,L,0.08457422256469727,31.200000000000003,10,15.0,13.898082034112614,0.05389369019067329,0,184.3899883432939,-36.17574640759675,0.0007525096224043511,15.0,0.0,True
2022-11-14 20:36:53.508709,L,0.08507227897644043,31.200000000000003,10,15.0,13.613110365314279,0.0007950240270057034,0,188.5336447737473,6.307473772224046,0.0007525096224043511,15.0,0.0,True
2022-11-14 20:36:53.600792,L,0.0906531810760498,31.200000000000003,10,15.0,13.112317071368533,7.744490849796747e-06,0,195.1028649945651,6.931121590067212,0.0007525096224043511,15.0,0.0,True
2022-11-14 20:36:53.685867,L,0.0855708122253418,31.200000000000003,10,15.0,13.132098202490015,-0.0007776252601310748,0,194.60962277685442,7.561418586484162,0.0007525096224043511,15.0,0.0,True
2022-11-14 20:36:53.773971,L,0.0874323844909668,31.200000000000003,10,15.0,13.892867989445172,-0.05059722689702335,0,184.82697682505628,47.5554212737234,0.0007525096224043511,15.0,0.0,True
2022-11-14 20:36:53.858659,L,0.0855259895324707,31.200000000000003,10,15.0,14.298343752481578,0.05185830479260977,0,180.47731438345502,-34.559738596616036,0.0007525096224043511,15.0,0.0,True
2022-11-14 20:36:53.940474,L,0.08705306053161621,31.200000000000003,10,15.0,14.673002539288662,0.05457651870978808,0,176.0820579492582,-36.86517410619718,0.0007525096224043511,15.0,0.0,True
2022-11-14 20:36:54.023498,L,0.08644819259643555,31.200000000000003,10,15.0,15.2923429377772,0.001723764754631764,0,168.313378377577,5.418984622152148,0.0007525096224043511,15.0,0.0,True
2022-11-14 20:36:54.120386,L,0.0853416919708252,31.200000000000003,10,15.0,13.41612044901527,-0.004468353198597376,0,194.01330259722772,10.378730850450236,0.0007525096224043511,15.0,0.0,True
2022-11-14 20:36:54.206800,L,0.08533668518066406,31.200000000000003,10,15.0,11.35466554187306,-0.004496633848283431,0,219.5901127024865,10.41214495126879,0.0007525096224043511,15.0,0.0,True
2022-11-14 20:36:54.290223,L,0.08520889282226562,31.200000000000003,10,15.0,11.635191459112262,3.9892896039612866e-05,0,214.05233092463774,6.782285864295918,0.0007525096224043511,15.0,0.0,True
2022-11-14 20:36:54.374664,L,0.0851905345916748,31.200000000000003,10,15.0,13.455760343751773,0.0036174311188164015,0,190.66077956256382,3.9111226144627054,0.0007525096224043511,15.0,0.0,True
2022-11-14 20:36:54.457597,L,0.0871438980102539,31.200000000000003,10,15.0,14.594563591990447,0.0027455541069900946,0,177.89605076981928,4.601966471083498,0.00046163525893541473,15.0,0.0,True
2022-11-14 20:36:54.540175,L,0.08522748947143555,31.200000000000003,10,15.0,14.500618881166034,0.006367158268963329,0,180.52554526879277,1.6878784500019683,0.00046163525893541473,15.0,0.0,True
2022-11-14 20:36:54.636115,L,0.08386492729187012,31.200000000000003,10,15.0,13.150887612489445,0.009655134177623185,0,198.53165454957363,-0.9667612130252071,0.00046163525893541473,15.0,0.0,True
2022-11-14 20:36:54.721304,L,0.08567667007446289,31.200000000000003,10,15.0,11.658293330658836,0.057110943181056945,0,217.14811217126245,-39.083347564546386,0.00046163525893541473,15.0,0.0,True
2022-11-14 20:36:54.807700,L,0.08682394027709961,31.200000000000003,10,15.0,11.720029491732697,0.05464720409379647,0,215.1636086420256,-37.24887415782011,0.00046163525893541473,15.0,0.0,True
2022-11-14 20:36:54.889552,L,0.08562493324279785,31.200000000000003,10,15.0,13.470478583482903,0.051191659750824195,0,192.44693317647534,-34.61581735201189,0.00046163525893541473,15.0,0.0,True
2022-11-14 20:36:54.979865,L,0.08531069755554199,31.200000000000003,10,15.0,14.777781172093656,-0.0009835343431228035,0,177.3091373900494,7.132567438515749,0.00046163525893541473,15.0,0.0,True
2022-11-14 20:36:55.066926,L,0.08543968200683594,31.200000000000003,10,15.0,14.062945865479534,-0.002244227166231071,0,188.41634091857063,8.140905729332749,0.00046163525893541473,15.0,0.0,True
2022-11-14 20:36:55.154014,L,0.08746719360351562,31.200000000000003,10,15.0,12.144060472293404,-0.0020459551423692413,0,213.29974715672276,7.987486507172558,0.00046163525893541473,15.0,0.0,True
2022-11-14 20:36:55.240119,L,0.08576035499572754,31.200000000000003,10,15.0,12.187821321589661,0.0010669776714108468,0,211.01210253741016,5.494054812389088,0.0017466946897666462,15.0,0.0,True
2022-11-14 20:36:55.323387,L,0.08524537086486816,31.200000000000003,10,15.0,14.178424614541154,0.002273541649852026,0,184.98081559185067,4.523210802887444,0.0017466946897666462,15.0,0.0,True
2022-11-14 20:36:55.411742,L,0.08559656143188477,31.200000000000003,10,15.0,15.097916230905902,0.0038152495911827093,0,175.1910833351533,3.280008709256727,0.0017466946897666462,15.0,0.0,True
2022-11-14 20:36:55.526489,L,0.0848550796508789,31.200000000000003,10,15.0,13.458921804993757,0.002572306240946896,0,198.1262905480165,4.268141783586656,0.0017466946897666462,15.0,0.0,True
2022-11-14 20:36:55.581539,L,0.08349490165710449,31.200000000000003,10,15.0,12.239517466642766,0.005235214380862178,0,212.74904681749084,2.124236451363125,0.0017466946897666462,15.0,0.0,True
2022-11-14 20:36:55.666616,L,0.0848701000213623,31.200000000000003,10,15.0,12.361635783161194,0.005074998597945815,0,210.12712133665585,2.2398254169307843,0.0017466946897666462,15.0,0.0,True
2022-11-14 20:36:55.753694,L,0.08496546745300293,31.200000000000003,10,15.0,12.912339609779371,0.006309624580519933,0,203.36917182649185,1.2358774378984279,0.0017466946897666462,15.0,0.0,True
2022-11-14 20:36:55.858789,L,0.08976316452026367,31.200000000000003,10,15.0,13.036003372891617,0.004986560634653114,0,202.7481792345205,2.281193014838141,0.0017466946897666462,15.0,0.0,True
2022-11-14 20:36:55.929060,L,0.08508753776550293,31.200000000000003,10,15.0,13.115421910638293,0.0053468755438371655,0,202.16029426566152,1.9791027718935883,0.0017466946897666462,15.0,0.0,True
2022-11-14 20:36:56.015138,L,0.08573603630065918,31.200000000000003,10,15.0,15.138308618295802,0.055526062974240745,0,175.59583938871495,-38.312875115931746,0.0017466946897666462,15.0,0.0,True
2022-11-14 20:36:56.101215,L,0.08573031425476074,31.200000000000003,10,15.0,14.766712491078005,0.054346481566486596,0,182.8878760680441,-37.50299387256991,0.0017466946897666462,15.0,0.0,True
2022-11-14 20:36:56.185291,L,0.08348917961120605,31.200000000000003,10,15.0,12.187843336266294,0.0012012168207789665,0,216.95929379679566,5.016437200932649,0.0017466946897666462,15.0,0.0,True
2022-11-14 20:36:56.300411,L,0.08550858497619629,31.200000000000003,10,15.0,11.426470201417448,-0.0027086383349153795,0,224.5084455317043,8.145361400269207,0.0017466946897666462,15.0,0.0,True
2022-11-14 20:36:56.356645,L,0.08519387245178223,31.200000000000003,10,15.0,13.196814230385138,-0.003988630325730905,0,200.60313442246894,9.179242196336817,0.0017466946897666462,15.0,0.0,True
2022-11-14 20:36:56.445722,L,0.08775210380554199,31.200000000000003,10,15.0,15.154652800419536,-0.0033249938618237257,0,176.92884581872417,8.656860410525358,0.0017466946897666462,15.0,0.0,True
2022-11-14 20:36:56.532818,L,0.08716130256652832,31.200000000000003,10,20.0,14.623080341367512,-0.0021182141982879436,0,252.82249831833923,7.696912641623877,0.0017466946897666462,15.0,0.0,True
2022-11-14 20:36:56.618878,L,0.08485078811645508,31.200000000000003,10,20.0,13.020704834432744,-0.002525578292456045,0,268.77750174531735,8.029419299286193,0.0017466946897666462,15.0,0.0,True
2022-11-14 20:36:56.702971,L,0.08430027961730957,31.200000000000003,10,20.0,15.055460925141125,-0.0024563344611073412,0,240.891917696666,7.98018010124901,0.001803431170948411,15.0,0.0,True
2022-11-14 20:36:56.789041,L,0.08559346199035645,31.200000000000003,10,20.0,18.340581323822263,0.0019001933473883922,0,200.33019335774617,4.4895777655515205,0.001803431170948411,15.0,0.0,True
2022-11-14 20:36:56.875110,L,0.08560919761657715,31.200000000000003,10,20.0,18.307440952967937,0.002228207367105561,0,204.89443689900017,4.221914562194911,0.001803431170948411,15.0,0.0,True
2022-11-14 20:36:56.965198,L,0.08541059494018555,31.200000000000003,10,20.0,15.690198782499364,0.004377419253620727,0,240.06314330640225,2.4911153958409327,0.001803431170948411,15.0,0.0,True
2022-11-14 20:36:57.047267,L,0.08502459526062012,31.200000000000003,10,20.0,13.969649916614742,0.05435625336848674,0,260.6944692290899,-37.63622697834652,0.001803431170948411,15.0,0.0,True
2022-11-14 20:36:57.133361,L,0.08588743209838867,31.200000000000003,10,20.0,15.350970514068328,0.05491884870456054,0,241.28532698846018,-38.2219957557232,0.001803431170948411,15.0,0.0,True
2022-11-14 20:36:57.234435,L,0.08739352226257324,31.200000000000003,10,20.0,18.001986394632162,0.0030948530556269586,0,208.39723142273257,3.235082122401052,0.001803431170948411,15.0,0.0,True
2022-11-14 20:36:57.309519,L,0.08574199676513672,31.200000000000003,10,20.0,18.80299413582471,3.589097564133958e-05,0,201.08962264112307,5.676586270583567,0.001803431170948411,15.0,0.0,True
2022-11-14 20:36:57.395300,L,0.08617019653320312,31.200000000000003,10,20.0,16.678856683983202,0.001066627004392327,0,230.55089507938504,4.8487637239532395,0.001803431170948411,15.0,0.0,True
2022-11-14 20:36:57.481604,L,0.0854344367980957,31.200000000000003,10,20.0,14.66702443918615,0.0034693699082707597,0,255.493898578154,2.917515669006933,0.001803431170948411,15.0,0.0,True
2022-11-14 20:36:57.566912,L,0.0853123664855957,31.200000000000003,10,20.0,15.7103662284872,0.004317713595202588,0,240.12792217520968,2.227971887035639,0.001803431170948411,15.0,0.0,True
2022-11-14 20:36:57.652528,L,0.08472204208374023,31.200000000000003,10,20.0,17.39680617833235,0.05506744191536293,0,219.564148914432,-38.517664257929574,0.001803431170948411,15.0,0.0,True
2022-11-14 20:36:57.736604,L,0.0842893123626709,31.200000000000003,10,20.0,17.82221963229511,0.05540744239678845,0,216.3121647092343,-38.92382249236649,0.001803431170948411,15.0,0.0,True
2022-11-14 20:36:57.823822,L,0.08562636375427246,31.200000000000003,10,20.0,17.678007909725977,-0.0013936938287906601,0,219.1134789073656,6.527340537143812,0.001803431170948411,15.0,0.0,True
2022-11-14 20:36:57.906772,L,0.08555984497070312,31.200000000000003,10,20.0,16.6461515198866,-0.05438634540696493,0,233.1072507760683,49.060620450207196,0.001803431170948411,15.0,0.0,True
2022-11-14 20:36:57.990833,L,0.08563446998596191,31.200000000000003,10,20.0,15.722804267539205,-0.0026752435290785755,0,244.79220564019712,7.686379519068513,0.001803431170948411,15.0,0.0,True
2022-11-14 20:36:58.073374,L,0.08541107177734375,31.200000000000003,10,20.0,16.554387782996546,0.003946713932751402,0,233.34992285440313,2.3839640381712317,0.001803431170948411,15.0,0.0,True
2022-11-14 20:36:58.156372,L,0.08589458465576172,31.200000000000003,10,20.0,16.852831711778038,0.0068073105938772065,0,230.93541637834733,0.07838764438733647,0.001803431170948411,15.0,0.0,True
2022-11-14 20:36:58.252275,L,0.08522748947143555,31.200000000000003,10,20.0,16.760521092573978,0.006651378102107382,0,233.05109368780268,0.18647856186122888,0.001803431170948411,15.0,0.0,True
2022-11-14 20:36:58.339800,L,0.08554220199584961,31.200000000000003,10,20.0,16.55005222962155,0.004638359196686983,0,236.304682419547,1.7852074510386882,0.001803431170948411,15.0,0.0,True
2022-11-14 20:36:58.423904,L,0.08482217788696289,31.200000000000003,10,20.0,16.137759929972713,0.004571177568086246,0,242.14742290231683,1.8270932324511264,0.001803431170948411,15.0,0.0,True
2022-11-14 20:36:58.506841,L,0.08395862579345703,31.200000000000003,10,20.0,16.704174994175332,0.005419342930475855,0,234.74316544096865,1.1348019828693363,0.0013398102971477104,15.0,0.0,True
2022-11-14 20:36:58.590143,L,0.08386731147766113,31.200000000000003,10,20.0,17.143789590775693,0.0026225359958932343,0,230.09733288149914,3.366083681043723,0.0013398102971477104,15.0,0.0,True
2022-11-14 20:36:58.673460,L,0.0855112075805664,31.200000000000003,10,20.0,17.340537040400882,0.0004681219892271038,0,228.48528616442576,5.088332461319618,0.0013398102971477104,15.0,0.0,True
2022-11-14 20:36:58.756364,L,0.08529996871948242,31.200000000000003,10,20.0,16.50090942076789,-0.0006944422309681307,0,240.3721695290062,6.020045260555769,0.0013398102971477104,15.0,0.0,True
2022-11-14 20:36:58.850284,L,0.08536624908447266,31.200000000000003,10,20.0,16.24191547520061,-0.0017816166077613519,0,243.44079205843911,6.8943385226431735,0.0013398102971477104,15.0,0.0,True
2022-11-14 20:36:58.935519,L,0.08509421348571777,31.200000000000003,10,20.0,17.284306183635252,0.00043494276834140185,0,229.86590746885386,5.119592851281128,0.0013398102971477104,15.0,0.0,True
2022-11-14 20:36:59.020787,L,0.08406400680541992,31.200000000000003,10,20.0,17.915256753408897,7.15490940246579e-05,0,223.11942890245183,5.410431060814688,0.0013398102971477104,15.0,0.0,True
2022-11-14 20:36:59.106122,L,0.08556437492370605,31.200000000000003,10,20.0,18.471106495500905,0.0005387314912349868,0,216.8118018084284,5.035204428028659,0.0013398102971477104,15.0,0.0,True
2022-11-14 20:36:59.189655,L,0.08601546287536621,31.200000000000003,10,20.0,16.92472173157134,0.0013735445003802789,0,238.34488805365407,4.363767185009621,0.0013398102971477104,15.0,0.0,True
2022-11-14 20:36:59.273976,L,0.08582639694213867,31.200000000000003,10,20.0,15.759433678216757,-0.0001692915768092135,0,252.61617804853475,5.598748753592597,0.0013398102971477104,15.0,0.0,True
2022-11-14 20:36:59.356263,L,0.08621692657470703,31.200000000000003,10,20.0,16.503153445368106,-0.0019161134431286907,0,242.07417413121604,7.001185134353154,0.0013398102971477104,15.0,0.0,True
2022-11-14 20:36:59.452110,L,0.08542084693908691,31.200000000000003,10,20.0,18.15498426813738,-0.007069828073585311,0,221.4962683552814,11.142674884193692,0.0013398102971477104,15.0,0.0,True
2022-11-14 20:36:59.538393,L,0.08549094200134277,31.200000000000003,10,20.0,18.29721138227044,-0.010703159848541529,0,221.8480799464732,14.076612664617574,0.0013398102971477104,15.0,0.0,True
2022-11-14 20:36:59.623395,L,0.08533120155334473,31.200000000000003,10,20.0,17.451596874073495,-0.009083591155637435,0,233.58771503150936,12.803596328668986,0.001481822414348112,15.0,0.0,True
2022-11-14 20:36:59.706680,L,0.08548927307128906,31.200000000000003,10,20.0,16.828880767034054,-0.01096358793879815,0,241.33993673375565,14.336121538294375,0.001481822414348112,15.0,0.0,True
2022-11-14 20:36:59.796619,L,0.08553194999694824,31.200000000000003,10,20.0,16.465123766629866,-0.06114435249880923,0,246.00658399392566,54.64327404996548,0.001481822414348112,15.0,0.0,True
2022-11-14 20:36:59.872874,L,0.08755922317504883,31.200000000000003,10,20.0,16.625589219860657,-0.06285188839362747,0,244.06336721859455,56.16872875356979,0.001481822414348112,15.0,0.0,True
2022-11-14 20:36:59.972835,L,0.0859079360961914,31.200000000000003,10,20.0,17.614941111996202,-0.06324894992499239,0,231.63255851322285,56.649236785568625,0.001481822414348112,15.0,0.0,True
2022-11-14 20:37:00.056165,L,0.08547019958496094,31.200000000000003,10,20.0,18.41421077419338,-0.06500444698424729,0,222.52889577568627,58.22047189815997,0.001481822414348112,15.0,0.0,True
2022-11-14 20:37:00.141438,L,0.08572983741760254,31.200000000000003,10,20.0,17.740901375559922,-0.0654360337356068,0,232.71648226525207,58.73388086502174,0.001481822414348112,15.0,0.0,True
2022-11-14 20:37:00.222972,L,0.0863037109375,31.200000000000003,10,20.0,16.023901740676852,-0.06750645850607245,0,255.2108821105588,60.56519197503486,0.001481822414348112,15.0,0.0,True
2022-11-14 20:37:00.314591,L,0.08558058738708496,31.200000000000003,10,20.0,15.960165069876332,-0.06972841119542617,0,254.75217537883785,62.521795811085994,0.009549615739612636,15.0,0.0,True
2022-11-14 20:37:00.389564,L,0.08655428886413574,31.200000000000003,10,20.0,17.30331503910634,-0.07357090791652113,0,237.47491883429282,65.78701382429294,0.009549615739612636,15.0,0.0,True
2022-11-14 20:37:00.489574,L,0.08822011947631836,31.200000000000003,10,20.0,18.903024309482255,-0.07572760339214966,0,218.21044314485866,67.71259167824421,0.009549615739612636,15.0,0.0,True
2022-11-14 20:37:00.611296,L,0.08753728866577148,31.200000000000003,10,20.0,18.395982455240755,-0.0789177559234013,0,226.96831334449283,70.4720810607037,0.009549615739612636,15.0,0.0,True
2022-11-14 20:37:00.744612,L,0.08707833290100098,31.200000000000003,10,20.0,16.877456369407344,-0.07960316671571946,0,246.89907074658362,71.22807530451962,0.009549615739612636,15.0,0.0,True
2022-11-14 20:37:00.755629,L,0.08863019943237305,31.200000000000003,10,20.0,16.802527203340592,-0.08074826159494461,0,246.70568524435095,72.35890373096656,0.009549615739612636,15.0,0.0,True
2022-11-14 20:37:00.878748,L,0.08698058128356934,31.200000000000003,10,20.0,16.984844473049655,-0.08214080839854215,0,244.7482497546658,73.68731173110177,0.009549615739612636,15.0,0.0,True
2022-11-14 20:37:01.002963,L,0.08609318733215332,31.200000000000003,10,20.0,17.2355655842022,-0.1306168820250138,0,242.13398060925076,112.81099789600289,0.02243600242093881,15.0,0.0,False
2022-11-14 20:37:01.014434,L,0.08506393432617188,31.200000000000003,10,20.0,18.108636556248577,-0.08208450745074256,0,231.24375287641587,74.18323511988953,0.02243600242093881,15.0,0.0,False
2022-11-14 20:37:01.138753,L,0.08619236946105957,31.200000000000003,10,20.0,18.096722037307536,-0.07859905016634253,0,232.75501666636507,71.60340946202149,0.02243600242093881,15.0,0.0,False
2022-11-14 20:37:01.179194,L,0.0773465633392334,31.200000000000003,10,20.0,17.397217626373653,-0.07654532284699746,0,242.4422558168243,70.13818199482881,0.02243600242093881,15.0,0.0,False
2022-11-14 20:37:01.272713,L,0.07678961753845215,31.200000000000003,10,20.0,17.366607078575377,-0.07664710315359625,0,242.34950288685363,70.39645606940446,0.02243600242093881,15.0,0.0,False
2022-11-14 20:37:01.408030,L,0.07668280601501465,31.200000000000003,10,20.0,17.95537848936015,-0.07810492018215189,0,234.79015663625165,71.74256568113394,0.02243600242093881,15.0,0.0,False
2022-11-14 20:37:01.408030,L,0.07692790031433105,31.200000000000003,10,20.0,18.29704615971867,-0.08179200478936205,0,231.27581487384134,74.88128516354934,0.035244513460996565,15.0,0.0,False
2022-11-14 20:37:01.543535,L,0.07806730270385742,31.200000000000003,10,20.0,17.73737362649072,-0.08272242322445861,0,239.5062099696456,75.81899729588729,0.035244513460996565,15.0,0.0,False
2022-11-14 20:37:01.566072,L,0.07681417465209961,31.200000000000003,10,20.0,16.963819922154556,-0.0838103039392623,0,249.54543297594884,76.88245889088061,0.035244513460996565,15.0,0.0,False
2022-11-14 20:37:01.721396,L,0.07754349708557129,31.200000000000003,10,20.0,16.854043800603662,-0.13255595170802398,0,250.48516495911127,116.1934872753799,0.035244513460996565,15.0,0.0,False
2022-11-14 20:37:01.721396,L,0.07640862464904785,31.200000000000003,10,20.0,17.710246388533104,-0.13617569309472624,0,239.29852308089792,119.39561780916515,0.035244513460996565,15.0,0.0,False
2022-11-14 20:37:01.887586,L,0.07725834846496582,17.1,10,20.0,18.485623378547583,-0.13354363931401925,0,230.34493739479788,117.59868119846273,0.035244513460996565,15.0,0.0,False
2022-11-14 20:37:01.887586,L,0.08377575874328613,17.1,10,20.0,18.099913195061312,-0.08398465619290592,0,236.7558456880839,78.15699606149474,0.035244513460996565,15.0,0.0,False
2022-11-14 20:37:01.983720,L,0.08763790130615234,7.5,10,20.0,17.041943549142523,-0.08443626414913238,0,250.71675488392114,78.74624413818101,0.035244513460996565,15.0,0.0,False
2022-11-14 20:37:02.150739,L,0.08453726768493652,7.9,10,20.0,18.32910354540525,-0.13636561372133785,0,232.82354063165596,120.64165433248755,0.02243600242093881,15.0,0.0,False
2022-11-14 20:37:02.150739,L,0.08330488204956055,7.9,10,20.0,18.647957514661282,-0.14174392773877847,0,230.3623957845009,125.29304722403099,0.02243600242093881,15.0,0.0,False
2022-11-14 20:37:02.320928,L,0.0854501724243164,9.4,10,20.0,17.92183817470429,-0.1436118678525746,0,240.66349948480698,127.15512206299053,0.02243600242093881,15.0,0.0,False
2022-11-14 20:37:02.320928,L,0.08339953422546387,13.0,10,20.0,17.278693673122767,-0.1465598011946097,0,248.7565480410773,129.88029418256926,0.02243600242093881,15.0,0.0,False
2022-11-14 20:37:02.490423,L,0.08816123008728027,16.6,10,20.0,17.345615435723364,-0.15087700357858075,0,247.5744453417824,133.7332373793497,0.02243600242093881,15.0,0.0,False
2022-11-14 20:37:02.491423,L,0.08561110496520996,18.6,10,20.0,18.194183826228915,-0.15218860832204803,0,236.78553924762838,135.17305573276613,0.02243600242093881,15.0,0.0,False
2022-11-14 20:37:02.658963,L,0.08751916885375977,17.8,10,20.0,19.335346760627992,-0.1520287632414054,0,222.89521289645754,135.44417112928875,0.02243600242093881,15.0,0.0,False
2022-11-14 20:37:02.658963,L,0.08607339859008789,16.2,10,20.0,19.488514134472965,-0.14706738627073024,0,222.27120590331543,131.85426909715207,0.035244513460996565,15.0,0.0,False
2022-11-14 20:37:02.827691,L,0.08456134796142578,12.8,10,20.0,19.033228718127006,-0.13859976968684048,0,228.61449200603803,125.43135638513759,0.035244513460996565,15.0,0.0,False
2022-11-14 20:37:02.829693,L,0.0861806869506836,10.9,10,20.0,17.98541176017896,-0.13041230342844815,0,242.21296160353793,119.21860535819154,0.035244513460996565,15.0,0.0,False
2022-11-14 20:37:02.989276,L,0.08993840217590332,7.199999999999999,10,20.0,17.295856073983135,-0.08019715690767405,0,250.52490301002396,79.25823901900253,0.035244513460996565,15.0,0.0,False
2022-11-14 20:37:03.005811,L,0.08533453941345215,1.2999999999999998,10,20.0,18.470828167766264,-0.07753579905143558,0,234.54262154284916,77.33291859358508,0.035244513460996565,15.0,0.0,False
2022-11-14 20:37:03.153917,L,0.09205150604248047,1.2999999999999998,10,20.0,19.058633164319247,-0.07734156975446305,0,228.400610038521,77.39140816867325,0.04820473982599757,15.0,0.0,False
2022-11-14 20:37:03.189240,L,0.09269332885742188,-4.0,10,20.0,18.45503583808051,-0.07887495379573983,0,237.2199313365033,78.83763738818753,0.04820473982599757,15.0,0.0,False
2022-11-14 20:37:03.323247,L,0.0875704288482666,-1.7000000000000002,10,20.0,16.731266813209373,-0.08089461441581675,0,259.79490905054695,80.66595037374485,0.04820473982599757,15.0,0.0,False
2022-11-14 20:37:03.387311,L,0.08677506446838379,-2.8,10,20.0,16.215718030004936,-0.08173017668625601,0,265.26394061511064,81.54703008850142,0.04820473982599757,15.0,0.0,False
2022-11-14 20:37:03.504205,L,0.08524417877197266,-4.0,10,20.0,17.16137125886971,-0.08317420121248911,0,252.696587732395,82.91502631182122,0.04820473982599757,15.0,0.0,False
2022-11-14 20:37:03.541953,L,0.08517313003540039,-3.8,10,20.0,18.708877405146268,-0.0827259374346437,0,233.6389035114984,82.76757407201151,0.04820473982599757,15.0,0.0,False
2022-11-14 20:37:03.670805,L,0.08963274955749512,-2.4,10,20.0,18.54491179150295,-0.08084730482587564,0,237.8671632346216,81.4819080092801,0.04820473982599757,15.0,0.0,False
2022-11-14 20:37:03.707177,L,0.07682418823242188,-2.1,10,20.0,17.268245512849152,-0.07871780410537806,0,255.0857602436979,79.95966277564933,0.04820473982599757,15.0,0.0,False
2022-11-14 20:37:03.838702,L,0.07686066627502441,-1.4,10,20.0,17.14988150216609,-0.07741181327263086,0,255.43644804641838,79.09347509059211,0.06387186535111879,15.0,0.0,False
2022-11-14 20:37:03.892796,L,0.07842159271240234,-1.0,10,20.0,17.982813052797066,-0.0761553388045453,0,244.54153314081594,78.26747190119697,0.06387186535111879,15.0,0.0,False
2022-11-14 20:37:04.004527,L,0.07944631576538086,1.2999999999999998,10,20.0,18.34588415694721,-0.07079377083655781,0,241.05262506215735,74.14643200865838,0.06387186535111879,15.0,0.0,False
2022-11-14 20:37:04.025024,L,0.08147835731506348,4.300000000000001,10,20.0,19.24323059298566,-0.06238060249638479,0,229.76345926478126,67.56801970910053,0.06387186535111879,15.0,0.0,False
2022-11-14 20:37:04.108218,L,0.08153080940246582,8.0,10,20.0,18.13176877760688,-0.05745026230010481,0,245.87021037511778,63.764694387329,0.06387186535111879,15.0,0.0,False
2022-11-14 20:37:04.189574,L,0.08091926574707031,6.699999999999999,10,20.0,18.255756510762758,-0.0008935129247361809,0,243.14817790209813,18.51507939935502,0.06387186535111879,15.0,0.0,False
2022-11-14 20:37:04.271903,L,0.08038115501403809,9.2,10,20.0,17.959661018841608,0.05743559025067805,0,247.5509217258752,-28.286972596833955,0.06387186535111879,15.0,0.0,False
2022-11-14 20:37:04.354177,L,0.08271574974060059,10.2,10,20.0,18.90595681326638,0.06332271636289336,0,234.86396369326923,-33.14726223071034,0.05443427466918856,15.0,0.0,False
2022-11-14 20:37:04.448561,L,0.09156155586242676,9.4,10,20.0,18.963530871994195,0.05981529224664854,0,235.44402966232718,-30.504531577288912,0.05443427466918856,15.0,0.0,False
2022-11-14 20:37:04.536835,L,0.08900976181030273,8.4,10,20.0,18.748868699215254,0.05597421592691336,0,238.5467487008514,-27.581089603373755,0.05443427466918856,15.0,0.0,False
2022-11-14 20:37:04.624402,L,0.09313249588012695,9.9,10,20.0,18.31153927434952,-0.002384547427192431,0,244.33761361403896,19.1184181196967,0.05443427466918856,15.0,0.0,False
2022-11-14 20:37:04.705702,L,0.08505916595458984,5.699999999999999,10,20.0,19.360701983207555,-0.05731680672140063,0,230.15338922643912,63.21067706328498,0.05443427466918856,15.0,0.0,False
2022-11-14 20:37:04.806651,L,0.0880117416381836,8.0,10,20.0,18.53292536115262,-0.004137791345924978,0,242.51892854014866,20.66588960243336,0.02836486255392405,15.0,0.0,False
2022-11-14 20:37:04.890669,L,0.08694839477539062,9.5,10,20.0,18.972445850940566,0.053847663594144134,0,235.97734546376182,-25.863560073854558,0.02836486255392405,15.0,0.0,False
2022-11-14 20:37:04.978079,L,0.08541274070739746,9.4,10,20.0,18.381455960935426,0.05609063512079856,0,244.54313092080577,-27.795256594648297,0.02836486255392405,15.0,0.0,False
2022-11-14 20:37:05.063200,L,0.08466601371765137,9.7,10,20.0,17.576122271379923,0.05688678866831246,0,254.87684177879447,-28.576502192302108,0.02836486255392405,15.0,0.0,False
2022-11-14 20:37:05.147608,L,0.08429765701293945,10.2,10,20.0,18.80969831041699,0.05539610800964801,0,237.860062294804,-27.52377965878653,0.02836486255392405,15.0,0.0,False
2022-11-14 20:37:05.236774,L,0.08515167236328125,9.2,10,20.0,18.876998110170398,0.0012974194320397475,0,238.62803791365573,15.758033259950277,0.02836486255392405,15.0,0.0,False
2022-11-14 20:37:05.318146,L,0.08373332023620605,7.4,10,20.0,17.65236866204085,-0.0008966483276069957,0,255.25831182825678,17.50944866329783,0.02836486255392405,15.0,0.0,False
2022-11-14 20:37:05.402461,L,0.08527755737304688,8.9,10,20.0,17.476097839677767,-0.003369342117842287,0,256.5481931972351,19.496251501360106,0.02836486255392405,15.0,0.0,False
2022-11-14 20:37:05.488934,L,0.08516454696655273,8.0,10,20.0,19.40627321871763,-0.002251211430357839,0,231.01410797083133,18.607077404464658,0.013580204730343623,15.0,0.0,False
2022-11-14 20:37:05.574315,L,0.0852503776550293,11.5,10,20.0,19.774078418320432,-0.000680773224022761,0,228.473931384658,17.352415000448886,0.013580204730343623,15.0,0.0,False
2022-11-14 20:37:05.657411,L,0.08485126495361328,10.2,10,20.0,18.959765714224382,-0.003669690779871531,0,239.8133496040036,19.75342685081862,0.013580204730343623,15.0,0.0,False
2022-11-14 20:37:05.740773,L,0.08342933654785156,8.7,10,20.0,17.094265810167236,-0.0034591683440639734,0,263.96052506097266,19.593289298407374,0.013580204730343623,15.0,0.0,False
2022-11-14 20:37:05.828306,L,0.08400630950927734,9.7,10,20.0,16.70796324506717,0.0004653033372217743,0,267.3730851254952,16.452097370596594,0.013580204730343623,15.0,0.0,False
2022-11-14 20:37:05.914385,L,0.08530545234680176,9.0,10,20.0,18.650902094041854,0.004450462013464766,0,241.55051465377727,13.25258096984655,0.013580204730343623,15.0,0.0,False
2022-11-14 20:37:05.999462,L,0.085418701171875,10.2,10,20.0,20.51981786750289,0.005646831137036955,0,219.1243998305716,12.281342425573103,0.00013091526073468046,15.0,0.0,True
2022-11-14 20:37:06.085662,L,0.08587169647216797,10.2,10,20.0,19.960188665046115,0.0578397392352884,0,228.68643834306005,-29.62792590018184,0.00013091526073468046,15.0,0.0,True
2022-11-14 20:37:06.170739,L,0.08467268943786621,10.2,10,20.0,18.32294948929019,0.00906064882156904,0,249.89921480795437,9.38416965636481,0.00013091526073468046,15.0,0.0,True
2022-11-14 20:37:06.260820,L,0.08868074417114258,7.699999999999999,10,20.0,17.674790150214918,0.05663292428830751,0,256.8868107767506,-28.835443555748654,0.00013091526073468046,15.0,0.0,True
2022-11-14 20:37:06.347898,L,0.08591651916503906,6.6,10,20.0,18.16508592366671,0.058973722440057635,0,250.01700431191384,-30.85499459355831,0.00013091526073468046,15.0,0.0,True
2022-11-14 20:37:06.422212,L,0.08486819267272949,11.2,10,20.0,19.458270537773434,0.0579068901002983,0,233.63764894296708,-30.14856416001908,0.00013091526073468046,15.0,0.0,True
2022-11-14 20:37:06.520099,L,0.08758378028869629,9.0,10,20.0,19.421268474745254,0.00844350535649493,0,235.74905282314472,9.405480057657964,0.00013091526073468046,15.0,0.0,True
2022-11-14 20:37:06.608188,L,0.08720111846923828,8.5,10,20.0,18.51504046370746,0.002628037444520018,0,247.87976057654683,14.045998705216835,0.00013091526073468046,15.0,0.0,True
2022-11-14 20:37:06.690451,L,0.08409953117370605,8.7,10,20.0,18.179855054649558,0.002025702868558998,0,251.56745118145759,14.52216026486861,0.00013091526073468046,15.0,0.0,True
2022-11-14 20:37:06.772195,L,0.08430838584899902,9.4,10,20.0,17.873717156045576,0.0009625899686665441,0,255.56419169717267,15.370270429075276,0.00013091526073468046,15.0,0.0,True
2022-11-14 20:37:06.862430,L,0.08463764190673828,7.800000000000001,10,20.0,18.117663630778445,-0.00032595552926363255,0,252.30412567594635,16.401960615123553,0.00013091526073468046,15.0,0.0,True
2022-11-14 20:37:06.947245,L,0.08491063117980957,6.5,10,20.0,20.447499831408415,-0.05458732194952177,0,221.8144521833901,59.95634323659042,0.00013091526073468046,15.0,0.0,True
2022-11-14 20:37:07.043823,L,0.08407902717590332,7.1,10,20.0,21.207887973520013,-0.0028136354555207406,0,214.32617390499476,18.531942923412256,0.00013091526073468046,15.0,0.0,True
2022-11-14 20:37:07.123953,L,0.08553051948547363,6.800000000000001,10,20.0,18.624620596933134,0.0030989307067440263,0,249.48531665041168,13.799404858458985,0.003261852147561474,15.0,0.0,True
2022-11-14 20:37:07.203720,L,0.08547449111938477,9.8,10,20.0,16.50518100287819,0.003423050607967351,0,274.975356788232,13.531984793593848,0.003261852147561474,15.0,0.0,True
2022-11-14 20:37:07.289176,L,0.08570623397827148,7.5,10,20.0,16.65664763138825,0.004911478285467169,0,271.0745053485238,12.32847857624502,0.003261852147561474,15.0,0.0,True
2022-11-14 20:37:07.373100,L,0.0852353572845459,8.2,10,20.0,19.67699958893205,0.008394491817719976,0,231.5185281428448,9.520367556547816,0.003261852147561474,15.0,0.0,True
2022-11-14 20:37:07.455776,L,0.0847177505493164,7.699999999999999,10,20.0,20.79332132327747,0.0069113021740311404,0,220.21409882650477,10.689937681365153,0.003261852147561474,15.0,0.0,True
2022-11-14 20:37:07.539881,L,0.08431291580200195,9.0,10,20.0,19.20998897399262,0.003058266467190845,0,242.542922330138,13.764912624039878,0.003261852147561474,15.0,0.0,True
2022-11-14 20:37:07.622017,L,0.07826375961303711,9.2,10,20.0,19.16435759398047,0.0003372478600582116,0,241.40168068946892,15.940826361709854,0.003261852147561474,15.0,0.0,True
2022-11-14 20:37:07.717399,L,0.0768883228302002,8.3,10,20.0,20.297808147916275,-0.0024514042377283165,0,226.22202174734497,18.1774175865163,0.003261852147561474,15.0,0.0,True
2022-11-14 20:37:07.779143,L,0.07697296142578125,8.3,10,20.0,18.655548252500754,-0.001022031881400978,0,249.7438193611629,17.035731379453864,0.003261852147561474,15.0,0.0,True
2022-11-14 20:37:07.855384,L,0.07688617706298828,9.0,10,20.0,17.331588253146585,-0.003640478272157525,0,265.6300870792434,19.139411825148848,0.003261852147561474,15.0,0.0,True
2022-11-14 20:37:07.934724,L,0.07679033279418945,8.9,10,20.0,17.50664479245421,0.0011551036444702506,0,261.962398835332,15.299320203312893,0.003261852147561474,15.0,0.0,True
2022-11-14 20:37:08.010793,L,0.0767829418182373,9.2,10,20.0,17.556825199695048,0.05470094028187898,0,261.8980355553757,-27.669701239805892,0.003261852147561474,15.0,0.0,True
2022-11-14 20:37:08.087852,L,0.07697796821594238,9.4,10,20.0,18.12940646660056,0.05876160450843884,0,254.63657805598712,-31.04748693562622,0.003261852147561474,15.0,0.0,True
2022-11-14 20:37:08.164641,L,0.0769355297088623,9.1,10,20.0,19.106348412323733,0.05893888209517161,0,242.52478772396873,-31.324839360876346,0.0022853428232164274,15.0,0.0,True
2022-11-14 20:37:08.244069,L,0.07907438278198242,8.3,10,20.0,19.24972250753232,0.057184495364251325,0,242.01145752586785,-30.056739928681434,0.0022853428232164274,15.0,0.0,True
2022-11-14 20:37:08.339561,L,0.08851504325866699,8.6,10,20.0,18.031028460242865,0.05056159666956017,0,258.5424901616114,-24.892158472841164,0.0022853428232164274,15.0,0.0,True
2022-11-14 20:37:08.419984,L,0.08605170249938965,7.0,10,20.0,17.873106896398667,-0.05386554457723396,0,259.6102924798544,58.79999835129212,0.0022853428232164274,15.0,0.0,True
2022-11-14 20:37:08.505696,L,0.085693359375,4.5,10,20.0,19.71335918820689,-0.0583009195947584,0,235.24538671580203,62.48656060659418,0.0022853428232164274,15.0,0.0,True
2022-11-14 20:37:08.590036,L,0.08414864540100098,5.300000000000001,10,20.0,20.496473326610026,-0.002388044354338018,0,226.98131533360234,17.75512681182388,0.0022853428232164274,15.0,0.0,True
2022-11-14 20:37:08.674356,L,0.08348608016967773,5.5,10,20.0,19.48197536544388,0.00467843500039224,0,241.38758865355584,12.096023912577166,0.0022853428232164274,15.0,0.0,True
2022-11-14 20:37:08.764418,L,0.08518695831298828,4.1,10,20.0,18.756647835102637,0.004999197871157161,0,249.93963732883117,11.827446394213494,0.0022853428232164274,15.0,0.0,True
2022-11-14 20:37:08.844996,L,0.08402347564697266,6.800000000000001,10,20.0,17.909787692377964,0.058759526822368624,0,260.6096442826174,-31.335292753926197,0.0022853428232164274,15.0,0.0,True
2022-11-14 20:37:08.922590,L,0.07815766334533691,6.1,10,20.0,19.30481451954924,0.06215748662882941,0,241.18521724768968,-34.19343962258302,0.0022853428232164274,15.0,0.0,True
2022-11-14 20:37:08.999711,L,0.07677078247070312,6.699999999999999,10,20.0,20.222898201195903,0.05937979111483638,0,230.7230006071372,-32.1072456283546,0.0022853428232164274,15.0,0.0,True
2022-11-14 20:37:09.077772,L,0.07693910598754883,7.4,10,20.0,18.526367597362814,0.007633621404711983,0,254.70903449350592,9.278434203399632,0.0022853428232164274,15.0,0.0,True
2022-11-14 20:37:09.154841,L,0.07674217224121094,5.0,10,20.0,17.239725344294516,0.003192106303709635,0,270.04394801004975,12.818150366515857,0.0022853428232164274,15.0,0.0,True
2022-11-14 20:37:09.230926,L,0.07680654525756836,5.699999999999999,10,20.0,17.517117191704358,0.0049868882012101415,0,265.05891478170827,11.370021645177504,0.0022853428232164274,15.0,0.0,True
2022-11-14 20:37:09.305187,L,0.07709836959838867,4.800000000000001,10,20.0,18.94342407793402,0.004397739768298501,0,246.61732602916683,11.83147872533088,0.0022853428232164274,15.0,0.0,True
2022-11-14 20:37:09.385560,L,0.07673978805541992,4.199999999999999,10,20.0,19.817258971403497,0.004027290176731027,0,236.87063892306276,12.118538655056586,0.0022853428232164274,15.0,0.0,True
2022-11-14 20:37:09.464614,L,0.07857465744018555,4.4,10,20.0,19.978360918636735,0.002365191303439615,0,235.87448430841874,13.442805688489289,0.0022853428232164274,15.0,0.0,True
2022-11-14 20:37:09.538585,L,0.07733750343322754,4.699999999999999,10,20.0,18.81170604806077,0.0022018370240566507,0,251.77169663765778,13.568190165738852,0.0022853428232164274,15.0,0.0,True
2022-11-14 20:37:09.644156,L,0.09656858444213867,5.4,10,20.0,18.128161070225406,0.053734727390479194,0,259.5350676456169,-27.81915224964937,0.0022853428232164274,15.0,0.0,True
2022-11-14 20:37:09.721899,L,0.0896604061126709,4.9,10,20.0,18.38920720269117,0.0028144376267271016,0,255.69237919152454,12.920524895191864,0.0022853428232164274,15.0,0.0,True
2022-11-14 20:37:09.815699,L,0.08461141586303711,5.199999999999999,10,20.0,19.18100455708177,-0.00028695733220819234,0,245.6847491086136,15.397056564761813,0.0018077252386304872,15.0,0.0,True
2022-11-14 20:37:09.922969,L,0.08490586280822754,4.199999999999999,10,20.0,19.38861011587406,0.001280431855071593,0,243.98859534580586,14.139332580932665,0.0018077252386304872,15.0,0.0,True
2022-11-14 20:37:09.989029,L,0.08716487884521484,4.199999999999999,10,20.0,19.557874933363827,-0.0008299357988746144,0,242.08481648042374,15.830223657019284,0.0018077252386304872,15.0,0.0,True
2022-11-14 20:37:10.078110,L,0.08711957931518555,4.6,10,25.0,19.041251999194277,0.05361935632055337,0,315.84897056377,-27.875840972576903,0.0018077252386304872,15.0,0.0,True
2022-11-14 20:37:10.159224,L,0.08274674415588379,5.800000000000001,10,25.0,19.3976501447505,0.05389738508580529,0,305.73639327465537,-28.225842629847538,0.0018077252386304872,15.0,0.0,True
2022-11-14 20:37:10.240258,L,0.07921314239501953,4.9,10,25.0,21.948179420556414,-0.051432201070235946,0,272.82440918012867,56.173380066640405,0.0018077252386304872,15.0,0.0,True
2022-11-14 20:37:10.318477,L,0.07676148414611816,3.7,10,25.0,24.10001701192678,-0.005679569372690309,0,247.5570793626483,19.56509652706422,0.00131164803752177,15.0,0.0,True
2022-11-14 20:37:10.393561,L,0.07735896110534668,3.5999999999999996,10,25.0,23.552942509374326,-0.0011812830621630015,0,257.85632642057504,15.974587844393524,0.00131164803752177,15.0,0.0,True
2022-11-14 20:37:10.470630,L,0.0768892765045166,3.0,10,25.0,20.804482749956044,0.0036064464601765936,0,294.3504029098522,12.136044118557837,0.00131164803752177,15.0,0.0,True
2022-11-14 20:37:10.548683,L,0.07716655731201172,6.199999999999999,10,25.0,19.719981248498335,0.0018766738199122587,0,306.01013779989813,13.516364576398095,0.00131164803752177,15.0,0.0,True
2022-11-14 20:37:10.626753,L,0.07709097862243652,2.7,10,25.0,20.154332722716525,0.001765863369751309,0,299.5762039571713,13.60071918553334,0.00131164803752177,15.0,0.0,True
2022-11-14 20:37:10.702830,L,0.07703018188476562,3.0,10,25.0,22.04958229555225,-0.00022112687778156085,0,275.3907799467282,15.191065962456333,0.00131164803752177,15.0,0.0,True
2022-11-14 20:37:10.780094,L,0.07684159278869629,7.199999999999999,10,25.0,23.084788545173613,-0.0019436756836119075,0,264.3758442216585,16.573551880415433,0.00131164803752177,15.0,0.0,True
2022-11-14 20:37:10.855048,L,0.07848906517028809,7.5,10,25.0,22.49280840424128,-0.0007476313848524448,0,273.9745952518406,15.618100315699508,0.0031827809413556485,15.0,0.0,True
2022-11-14 20:37:10.948408,L,0.08825182914733887,7.5,10,25.0,21.279608481915282,-0.0022848397942669923,0,289.81013943993446,16.85424284983483,0.0031827809413556485,15.0,0.0,True
2022-11-14 20:37:11.035147,L,0.08565282821655273,6.4,10,25.0,20.862352894385552,-0.0077442920827892146,0,294.63845401913414,21.24216750503777,0.0031827809413556485,15.0,0.0,True
2022-11-14 20:37:11.138530,L,0.08571839332580566,6.300000000000001,10,25.0,21.538228564333206,-0.060860798812598635,0,285.8457896494986,63.89743882132317,0.0031827809413556485,15.0,0.0,True
2022-11-14 20:37:11.206733,L,0.08553862571716309,10.4,10,25.0,22.316732115580553,-0.0630162212706585,0,276.84115764689926,65.77754177026071,0.0031827809413556485,15.0,0.0,True
2022-11-14 20:37:11.292784,L,0.0855860710144043,12.600000000000001,10,25.0,23.201741683324734,-0.06398723664948965,0,266.40491592751755,66.7185080312025,0.0067429499189420265,15.0,0.0,True
2022-11-14 20:37:11.378110,L,0.08547377586364746,16.1,10,25.0,22.606726821972877,-0.06603287371418719,0,275.6844137300859,68.52446592875022,0.0067429499189420265,15.0,0.0,True
2022-11-14 20:37:11.464489,L,0.08536243438720703,38.9,10,25.0,21.40244784715049,-0.06467130234369531,0,291.46459902396515,67.60042499249587,0.0067429499189420265,15.0,0.0,True
2022-11-14 20:37:11.549548,L,0.08414864540100098,38.9,10,25.0,21.985147223883075,-0.06502404375115058,0,282.87635039300227,68.04697009805973,0.0067429499189420265,15.0,0.0,True
2022-11-14 20:37:11.635625,L,0.08564519882202148,38.9,10,25.0,22.630960338459737,-0.06428785296107195,0,275.4707947077507,67.62306796740297,0.0067429499189420265,15.0,0.0,True
2022-11-14 20:37:11.723704,L,0.08634114265441895,38.9,10,25.0,22.706663517635615,-0.061309241109077046,0,275.624752406833,65.3987247602447,0.018172797534658988,15.0,0.0,False
2022-11-14 20:37:11.805809,L,0.08656191825866699,38.9,10,25.0,22.203483496909733,-0.05996117736989759,0,282.8160303757635,64.47617365263534,0.018172797534658988,15.0,0.0,False
2022-11-14 20:37:11.887652,L,0.08953499794006348,38.9,10,25.0,22.056207126079244,-0.060068681037247385,0,284.6936871805396,64.72369180443266,0.018172797534658988,15.0,0.0,False
2022-11-14 20:37:11.986465,L,0.08587026596069336,38.9,10,25.0,21.68834324464828,-0.06238963843052217,0,289.9407041164168,66.74143844402474,0.018172797534658988,15.0,0.0,False
2022-11-14 20:37:12.070733,L,0.08352851867675781,38.9,10,25.0,21.817290760223255,-0.074003722372605,0,288.3422575207961,76.21926838374456,0.018172797534658988,15.0,0.0,False
2022-11-14 20:37:12.147868,L,0.07734346389770508,38.9,10,25.0,21.174139723884387,-0.0793565022452363,0,297.6378078566218,80.68492513062635,0.018172797534658988,15.0,0.0,False
2022-11-14 20:37:12.225022,L,0.07700157165527344,38.9,10,25.0,20.94312625146393,-0.08191385579293436,0,300.50320031738715,82.91967287578562,0.018172797534658988,15.0,0.0,False
2022-11-14 20:37:12.302603,L,0.07684087753295898,38.9,10,25.0,20.85834155465348,-0.13295207114786112,0,301.96744065697004,124.06303972282817,0.02844438724809271,15.0,0.0,False
2022-11-14 20:37:12.403654,L,0.09991192817687988,38.9,10,25.0,21.207166101606898,-0.1378832353453452,0,298.07997474353584,128.41510796345838,0.02844438724809271,15.0,0.0,False
2022-11-14 20:37:12.482399,L,0.07898640632629395,38.9,10,25.0,17.195955977741452,-0.13598463084753107,0,352.8748100593173,127.21771856225114,0.02844438724809271,15.0,0.0,False
2022-11-14 20:37:12.561478,L,0.07866621017456055,38.9,10,25.0,21.31730649831261,-0.09103632545612052,0,293.6806205828036,91.46844530073167,0.02844438724809271,15.0,0.0,False
2022-11-14 20:37:12.639850,L,0.07695603370666504,38.9,10,25.0,25.414206755677807,-0.1529201097222324,0,244.36941191405293,141.3422717146502,0.02844438724809271,15.0,0.0,False
2022-11-14 20:37:12.716274,L,0.07732510566711426,38.9,10,25.0,25.987871351457365,-0.2191393168535741,0,241.91446511620936,194.82650883760118,0.041205644131509886,15.0,0.0,False
2022-11-14 20:37:12.798259,L,0.08139395713806152,38.9,10,25.0,21.604348250654667,-0.22186417096224426,0,301.196963310244,197.53991524308117,0.041205644131509886,15.0,0.0,False
2022-11-14 20:37:12.885985,L,0.08783602714538574,38.9,10,25.0,19.007084306629416,-0.21959044682049467,0,330.9883011891062,196.29898086951624,0.041205644131509886,15.0,0.0,False
2022-11-14 20:37:12.971389,L,0.08645987510681152,38.9,10,25.0,21.72873823932546,-0.22566707960483365,0,292.7892927591884,201.74658320954399,0.041205644131509886,15.0,0.0,False
2022-11-14 20:37:13.055925,L,0.08329606056213379,38.9,10,25.0,24.565732761471907,-0.22662493160086636,0,258.5596681357671,203.07858589394735,0.041205644131509886,15.0,0.0,False
2022-11-14 20:37:13.144697,L,0.0859212875366211,35.2,10,25.0,24.865768846367743,-0.17705185016988373,0,258.03901976960475,163.8706118508298,0.02844438724809271,15.0,0.0,False
2022-11-14 20:37:13.221403,L,0.08594512939453125,39.4,10,25.0,22.858774221214443,-0.16595831881451037,0,285.17541451296194,155.4281648654917,0.02844438724809271,15.0,0.0,False
2022-11-14 20:37:13.316414,L,0.0860896110534668,30.1,10,25.0,21.06778397255629,-0.15574795051965695,0,307.0895178505935,147.66222339683216,0.02844438724809271,15.0,0.0,False
2022-11-14 20:37:13.403661,L,0.08624005317687988,30.1,10,25.0,21.389411186529706,-0.151208870201186,0,301.39942282917383,144.42282665769454,0.02844438724809271,15.0,0.0,False
2022-11-14 20:37:13.488170,L,0.08550214767456055,30.1,10,25.0,22.754144245386946,-0.1449228924680523,0,284.1834823084807,139.76557217505865,0.02844438724809271,15.0,0.0,False
2022-11-14 20:37:13.573046,L,0.08362507820129395,30.1,10,25.0,23.300524987127552,-0.13380230670416088,0,278.85392030832776,131.20418578370965,0.02844438724809271,15.0,0.0,False
2022-11-14 20:37:13.649810,L,0.07682538032531738,-4.0,10,25.0,23.80140803185299,-0.08132595028217383,0,273.028881818972,89.40503677105491,0.041205644131509886,15.0,0.0,False
2022-11-14 20:37:13.727865,L,0.07715320587158203,-4.0,10,25.0,21.996842301477496,-0.07798527745586697,0,298.13799117958985,86.91940054448915,0.041205644131509886,15.0,0.0,False
2022-11-14 20:37:13.805216,L,0.07708597183227539,-0.7000000000000002,10,25.0,21.0578201569148,-0.07663284465071708,0,308.8932415333023,86.01493136685265,0.041205644131509886,15.0,0.0,False
2022-11-14 20:37:13.882729,L,0.07722258567810059,-0.7000000000000002,10,25.0,21.988390198305243,-0.07665621799654057,0,295.7683313763501,86.21139625585829,0.041205644131509886,15.0,0.0,False
2022-11-14 20:37:13.959798,L,0.07693862915039062,4.5,10,25.0,23.865419988002763,-0.07486536713588185,0,272.18396353806304,84.95128093857761,0.041205644131509886,15.0,0.0,False
2022-11-14 20:37:14.042052,L,0.07726407051086426,4.5,10,25.0,23.973930490115357,-0.06992214222451695,0,273.33959851916063,81.15836806971768,0.041205644131509886,15.0,0.0,False
2022-11-14 20:37:14.155480,L,0.07739686965942383,4.0,10,25.0,23.31458265025247,-0.06587107178361805,0,282.5050107888114,78.07057452756399,0.061874420375679376,15.0,0.0,False
2022-11-14 20:37:14.192808,L,0.0770411491394043,2.4000000000000004,10,25.0,22.35594286619489,-0.059814854644221885,0,294.8085073106572,73.36358428384138,0.061874420375679376,15.0,0.0,False
2022-11-14 20:37:14.271861,L,0.07835626602172852,4.699999999999999,10,25.0,22.174548904486052,-0.002676309406719942,0,296.4151956715099,27.652533216266725,0.061874420375679376,15.0,0.0,False
2022-11-14 20:37:14.358107,L,0.08617544174194336,0.7999999999999998,10,25.0,22.401172129093307,0.0602502585757115,0,293.64914937410686,-22.844493947837424,0.061874420375679376,15.0,0.0,False
2022-11-14 20:37:14.442479,L,0.08412337303161621,0.7999999999999998,10,25.0,24.504482260187423,0.06296257860449163,0,266.2555075218952,-25.166268980900718,0.061874420375679376,15.0,0.0,False
2022-11-14 20:37:14.528765,L,0.08517098426818848,-2.1,10,25.0,23.40910441242269,0.06106360033265686,0,283.45739914573676,-23.802566389334196,0.06293674664249273,15.0,0.0,False
2022-11-14 20:37:14.615059,L,0.08596563339233398,-2.1,10,25.0,19.9480960600506,0.05653253657851616,0,328.5980240436681,-20.32320692764916,0.06293674664249273,15.0,0.0,False
2022-11-14 20:37:14.722432,L,0.08620142936706543,-0.7999999999999998,10,25.0,21.388938695258805,0.05251312395878897,0,306.2329490836109,-17.24353881931071,0.06293674664249273,15.0,0.0,False
2022-11-14 20:37:14.799501,L,0.09449315071105957,-2.4,10,25.0,23.901444067764345,-0.000837427753567223,0,275.3030515362419,25.44445617499035,0.06293674664249273,15.0,0.0,False
2022-11-14 20:37:14.888721,L,0.0901648998260498,1.9000000000000004,10,25.0,24.368901554218066,-0.006203316415834407,0,271.9478488186365,29.74889589611876,0.06293674664249273,15.0,0.0,False
2022-11-14 20:37:14.969066,L,0.07670402526855469,-2.5,10,25.0,22.83364802150234,-0.05509618914690299,0,293.22320363300196,68.99575617120236,0.06293674664249273,15.0,0.0,False
2022-11-14 20:37:15.043593,L,0.07690286636352539,-3.1,10,25.0,21.346658576098598,-0.00402293533890971,0,311.56104684830945,28.133418889512402,0.023813396842638,15.0,0.0,False
2022-11-14 20:37:15.120699,L,0.07709264755249023,-3.1,10,25.0,21.58881070559635,0.00403014262717909,0,306.93347686722575,21.687232356184644,0.023813396842638,15.0,0.0,False
2022-11-14 20:37:15.197769,L,0.07695865631103516,-2.0,10,25.0,22.87863498487275,0.012267130882440337,0,290.4202093058952,15.069294178677664,0.023813396842638,15.0,0.0,False
2022-11-14 20:37:15.274838,L,0.07697677612304688,-2.0,10,25.0,23.073278268234517,0.009967521882328047,0,289.8042521717777,16.887332401795597,0.023813396842638,15.0,0.0,False
2022-11-14 20:37:15.351924,L,0.07688236236572266,-2.0,10,25.0,23.15273642173483,0.00939499106518409,0,289.2843077532476,17.323463510085144,0.023813396842638,15.0,0.0,False
2022-11-14 20:37:15.428993,L,0.07729101181030273,0.7999999999999998,10,25.0,23.00662277751846,0.01431010874697296,0,291.6382055838206,13.357477689128892,0.023813396842638,15.0,0.0,False
2022-11-14 20:37:15.504473,L,0.07767724990844727,0.7999999999999998,10,25.0,22.611302679610343,0.0194942435372509,0,297.0730246082005,9.164710609450774,0.01173753157150355,15.0,0.0,False
2022-11-14 20:37:15.588862,L,0.07987523078918457,-4.0,10,25.0,22.56867813886995,0.025432930652004446,0,297.51736130433085,4.352740980251311,0.01173753157150355,15.0,0.0,False
2022-11-14 20:37:15.677941,L,0.08905768394470215,-4.0,10,25.0,23.21799719994321,0.07586501920506059,0,289.260471328233,-36.20054011033485,0.01173753157150355,15.0,0.0,False
2022-11-14 20:37:15.765984,L,0.08708834648132324,-4.0,10,25.0,23.843259095190895,0.07607445755898237,0,281.96994255603425,-36.56120794746073,0.01173753157150355,15.0,0.0,False
2022-11-14 20:37:15.855602,L,0.08912968635559082,-0.7000000000000002,10,25.0,23.567251708061185,0.07568381543785586,0,286.56506419733444,-36.45099661506333,0.002071924798050808,15.0,0.0,True
2022-11-14 20:37:15.945858,L,0.08899641036987305,-3.7,10,25.0,22.759767892395086,0.07549093265269212,0,297.2512675734786,-36.49826520299049,0.002071924798050808,15.0,0.0,True
2022-11-14 20:37:16.033227,L,0.08803343772888184,-2.6,10,25.0,22.998846161410953,0.02313219883209258,0,293.55576680884496,5.333555567012358,0.002071924798050808,15.0,0.0,True
2022-11-14 20:37:16.122574,L,0.0884857177734375,-0.3999999999999999,10,25.0,23.5396409960685,0.01592998006739762,0,286.98508104086955,11.047909652358653,0.002071924798050808,15.0,0.0,True
2022-11-14 20:37:16.204677,L,0.08709573745727539,-0.3999999999999999,10,25.0,23.866021460516727,0.01737051374738027,0,283.5024735158121,9.849116439266217,0.002071924798050808,15.0,0.0,True
2022-11-14 20:37:16.288634,L,0.08565521240234375,-0.3999999999999999,10,25.0,23.320532315735054,0.0732105847903274,0,291.3476340692213,-35.017420212115944,0.002071924798050808,15.0,0.0,True
2022-11-14 20:37:16.371034,L,0.08497118949890137,-0.6000000000000001,10,25.0,22.247428001713565,0.07226515104230802,0,305.31872528516163,-34.43865645589767,0.00034023753079743895,15.0,0.0,True
2022-11-14 20:37:16.467114,L,0.08475923538208008,-0.6000000000000001,10,25.0,22.284516042449116,0.06946052576650252,0,304.02733283143084,-32.371359238884274,0.00034023753079743895,15.0,0.0,True
2022-11-14 20:37:16.555152,L,0.08605623245239258,-0.6000000000000001,10,25.0,23.04214426105608,0.06375052698769944,0,294.4361351272524,-27.967611494608537,0.00034023753079743895,15.0,0.0,True
2022-11-14 20:37:16.639563,L,0.08626842498779297,-0.6000000000000001,10,25.0,22.64102390752003,0.05991177999257853,0,301.0019448123381,-25.051887287892757,0.00034023753079743895,15.0,0.0,True
2022-11-14 20:37:16.720108,L,0.07890486717224121,-0.6000000000000001,10,25.0,21.4352035609104,0.0058013905422830934,0,317.097575943559,18.22910423126792,0.00034023753079743895,15.0,0.0,True
2022-11-14 20:37:16.821574,L,0.07719874382019043,-0.20000000000000018,10,25.0,21.932749491610537,-0.004860038921028783,0,309.4279053713311,26.76402683107018,0.00034023753079743895,15.0,0.0,True
2022-11-14 20:37:16.875777,L,0.07772588729858398,4.699999999999999,10,25.0,23.786672367435543,-0.0043537402191278895,0,285.6287383814941,26.367693643540616,0.009727287239307394,15.0,0.0,True
2022-11-14 20:37:16.953847,L,0.07742428779602051,1.5999999999999996,10,25.0,24.91616355927972,0.0007360810644031214,0,273.01419931127475,22.29353464579465,0.009727287239307394,15.0,0.0,True
2022-11-14 20:37:17.038095,L,0.07770919799804688,2.7,10,25.0,23.777124543077022,0.003536387282325829,0,289.79732918173875,20.045342413120473,0.009727287239307394,15.0,0.0,True
2022-11-14 20:37:17.107749,L,0.07662200927734375,2.7,10,25.0,22.247892455966905,0.05538213767358736,0,309.09990016733326,-21.564968693319273,0.009727287239307394,15.0,0.0,True
2022-11-14 20:37:17.186157,L,0.07699298858642578,1.7000000000000002,10,25.0,20.13074530464154,0.05555894324831873,0,336.009441984323,-21.827999158916164,0.009727287239307394,15.0,0.0,True
2022-11-14 20:37:17.262640,L,0.07677721977233887,1.7000000000000002,10,25.0,22.214366784915676,0.056777873328744906,0,305.97008464539095,-22.934056439111934,0.009727287239307394,15.0,0.0,True
2022-11-14 20:37:17.347700,L,0.08431506156921387,1.7000000000000002,10,25.0,24.930969964837384,0.002183289506393913,0,272.87437414068444,20.74272192400234,0.009727287239307394,15.0,0.0,True
2022-11-14 20:37:17.428790,L,0.0812685489654541,3.4000000000000004,10,25.0,25.819587560797927,-0.05282795666410189,0,264.2062827039383,64.88081040249253,0.009727287239307394,15.0,0.0,True
2022-11-14 20:37:17.506054,L,0.07677769660949707,5.6,10,25.0,23.85471500793068,-0.002858398120756921,0,291.61322260412265,24.8984699919439,0.009727287239307394,15.0,0.0,True
2022-11-14 20:37:17.586131,L,0.0785980224609375,4.300000000000001,10,25.0,21.654719379439303,0.0035646497192975504,0,318.7789110691964,19.75731762813474,0.009727287239307394,15.0,0.0,True
2022-11-14 20:37:17.666382,L,0.07982516288757324,3.8,10,25.0,20.542717659644197,0.061244925635902225,0,331.4285378379724,-26.539978314149312,0.009727287239307394,15.0,0.0,True
2022-11-14 20:37:17.786491,L,0.07680773735046387,1.2000000000000002,10,25.0,21.701434385192336,0.06402346403914314,0,315.1290075008606,-28.903469885184727,0.009727287239307394,15.0,0.0,True
2022-11-14 20:37:17.820692,L,0.07713508605957031,1.2000000000000002,10,25.0,25.363771021963345,0.06464295392958927,0,267.88549088295315,-29.54836755190296,0.009727287239307394,15.0,0.0,True
2022-11-14 20:37:17.897762,L,0.07671999931335449,1.2000000000000002,10,25.0,25.45359716401739,0.06855664417067696,0,271.36884585397803,-32.83753952971847,0.009727287239307394,15.0,0.0,True
2022-11-14 20:37:17.974832,L,0.0769188404083252,1.2000000000000002,10,25.0,22.0247377084986,0.06529090339176061,0,317.54771265809603,-30.3746752277745,0.009727287239307394,15.0,0.0,True
2022-11-14 20:37:18.050916,L,0.07679152488708496,1.2000000000000002,10,25.0,21.91547584464403,0.06338482934606486,0,315.0171066024834,-28.996014877792085,0.009727287239307394,15.0,0.0,True
2022-11-14 20:37:18.139980,L,0.08846879005432129,-0.6000000000000001,10,25.0,22.96698734147078,0.0589317990229834,0,301.4278334893075,-25.589744237326357,0.009727287239307394,15.0,0.0,True
2022-11-14 20:37:18.227067,L,0.08640694618225098,2.5999999999999996,10,25.0,24.86586857274427,0.009328487062148543,0,277.65540370087786,14.073961266725599,0.008222583411792607,15.0,0.0,True
2022-11-14 20:37:18.313153,L,0.0849905014038086,-2.1,10,25.0,25.430408259442412,0.004904295621315192,0,272.34113019342175,17.595589751811616,0.008222583411792607,15.0,0.0,True
2022-11-14 20:37:18.420250,L,0.08827018737792969,1.5,10,25.0,23.9003138426788,0.0067593738141117675,0,293.2940622777434,16.092896951412822,0.008222583411792607,15.0,0.0,True
2022-11-14 20:37:18.505433,L,0.08603787422180176,1.5,10,25.0,20.635483331944574,0.01132271810400577,0,335.2842777610002,12.412675812854141,0.0017817704515380622,15.0,0.0,True
2022-11-14 20:37:18.572510,L,0.08372139930725098,1.5,10,25.0,19.30217293362915,0.0585658069196407,0,350.0359755316779,-25.534004083893787,0.0017817704515380622,15.0,0.0,True
2022-11-14 20:37:18.654604,L,0.08721160888671875,1.5,10,25.0,22.918095012035934,0.012695296227326857,0,301.2693392258344,11.140091726008539,0.0017817704515380622,15.0,0.0,True
2022-11-14 20:37:18.738634,L,0.08620262145996094,1.5,10,25.0,25.72715469276411,0.0028151607802849588,0,268.32273460195614,19.032806329571688,0.0017817704515380622,15.0,0.0,True
2022-11-14 20:37:18.837424,L,0.0924520492553711,1.5,10,25.0,23.931888081394213,-0.0012438737665201422,0,295.26393843057417,22.282776816965963,0.0017817704515380622,15.0,0.0,True
2022-11-14 20:37:19.005857,L,0.08768486976623535,1.5,10,25.0,21.573985133506334,0.004218754288933636,0,324.9068225271193,17.9005147187418,0.0017817704515380622,15.0,0.0,True
2022-11-14 20:37:19.015866,L,0.08611035346984863,1.5,10,25.0,20.93142388233474,0.010100170617430607,0,331.3753925472076,13.16922975299914,0.0017817704515380622,15.0,0.0,True
2022-11-14 20:37:19.099958,L,0.0839836597442627,1.5,10,25.0,23.575533715666708,0.05897047429384293,0,295.99076936003013,-26.080725891627832,0.0025840171126858195,15.0,0.0,True
2022-11-14 20:37:19.187500,L,0.08552765846252441,1.5,10,25.0,24.561513518310285,0.011918570176762806,0,286.22955958995374,11.541536772343356,0.0025840171126858195,15.0,0.0,True
2022-11-14 20:37:19.262545,L,0.07724738121032715,1.5,10,25.0,24.711827353971493,0.007049992820008766,0,285.4285469379435,15.415189744137779,0.0025840171126858195,15.0,0.0,True
2022-11-14 20:37:19.340949,L,0.07739996910095215,-1.2000000000000002,10,25.0,22.40176486532319,0.009966547256440333,0,316.730669103799,13.057796807615784,0.0025840171126858195,15.0,0.0,True
2022-11-14 20:37:19.419184,L,0.07771611213684082,-1.2000000000000002,10,25.0,20.661831492349656,0.01067609362155058,0,337.53841494812934,12.465554097048127,0.0025840171126858195,15.0,0.0,True
2022-11-14 20:37:19.496262,L,0.07708072662353516,1.2999999999999998,10,25.0,21.933379814680755,0.06075210545583158,0,318.86412547887437,-27.742145130747915,0.0025840171126858195,15.0,0.0,True
2022-11-14 20:37:19.572874,L,0.07677650451660156,1.2999999999999998,10,25.0,24.194369014868595,0.0617921710402019,0,290.56069683661906,-28.710162104688482,0.0025840171126858195,15.0,0.0,True
2022-11-14 20:37:19.649943,L,0.07696247100830078,1.2999999999999998,10,25.0,25.180508176167613,0.01295219202536882,0,280.3628147659031,10.338397540095947,0.0025840171126858195,15.0,0.0,True
2022-11-14 20:37:19.727012,L,0.07665705680847168,1.2999999999999998,10,25.0,23.817271969276426,0.004275600238548751,0,299.9626599547796,17.26462424551406,0.0025840171126858195,15.0,0.0,True
2022-11-14 20:37:19.805466,L,0.07732486724853516,1.2999999999999998,10,25.0,22.01331009738513,0.008458696111010966,0,322.6267008440922,13.89685267289562,0.0025840171126858195,15.0,0.0,True
2022-11-14 20:37:19.881863,L,0.07686543464660645,1.2999999999999998,10,25.0,21.112767933472995,0.014345435475691023,0,332.86941239494416,9.154156263947032,0.0025840171126858195,15.0,0.0,True
2022-11-14 20:37:19.954151,L,0.0855093002319336,1.2999999999999998,10,25.0,22.711322012393218,0.06102148571068243,0,311.03713667146013,-28.34791380371173,0.0025840171126858195,15.0,0.0,True
2022-11-14 20:37:20.054523,L,0.08508753776550293,1.2999999999999998,10,25.0,25.08014045488151,0.05875948666804539,0,281.68314986860145,-26.682581133671498,0.0025840171126858195,15.0,0.0,True
2022-11-14 20:37:20.138280,L,0.08499526977539062,1.2999999999999998,10,25.0,24.65274459180798,0.05775515249214409,0,290.15775513508527,-26.02652891617611,0.0025840171126858195,15.0,0.0,True
2022-11-14 20:37:20.219722,L,0.09043025970458984,7.699999999999999,10,25.0,22.497774813287126,0.008196141839672351,0,318.35011803452466,13.603806422206661,0.0025840171126858195,15.0,0.0,True
2022-11-14 20:37:20.316720,L,0.08588099479675293,7.699999999999999,10,25.0,22.770230589284626,-0.0004499745794999838,0,312.763371853117,20.517385283986915,0.0025840171126858195,15.0,0.0,True
2022-11-14 20:37:20.402751,L,0.08548665046691895,7.699999999999999,10,25.0,24.53487226403001,-0.004392418510335955,0,289.9202135344109,23.682059644087783,0.002214489921674076,15.0,0.0,True
2022-11-14 20:37:20.488546,L,0.0853738784790039,6.300000000000001,10,25.0,25.261524572841942,0.004866175102576286,0,282.3688205199436,16.261175773780263,0.002214489921674076,15.0,0.0,True
2022-11-14 20:37:20.571814,L,0.09134960174560547,6.300000000000001,10,25.0,24.36315546412204,0.059161368674699275,0,295.1001827192429,-27.341969302299063,0.002214489921674076,15.0,0.0,True
2022-11-14 20:37:20.662689,L,0.08072471618652344,6.300000000000001,10,25.0,21.5296810233847,0.06146360092301951,0,332.18876211039543,-29.326945578094705,0.002214489921674076,15.0,0.0,True
2022-11-14 20:37:20.738758,L,0.07680559158325195,6.300000000000001,10,25.0,21.173593900115478,0.058632796629516384,0,334.0031619972984,-27.19674817929782,0.002214489921674076,15.0,0.0,True
2022-11-14 20:37:20.816828,L,0.07704401016235352,6.300000000000001,10,25.0,24.421118469548958,0.01014081590287855,0,290.4432893601308,11.579323223230302,0.002214489921674076,15.0,0.0,True
2022-11-14 20:37:20.893898,L,0.07707929611206055,6.300000000000001,10,25.0,26.121423400437074,0.006350338810348634,0,271.8759917704845,14.591218208814876,0.002214489921674076,15.0,0.0,True
2022-11-14 20:37:20.974971,L,0.07715368270874023,6.300000000000001,10,30.0,25.190170303548133,0.05827018258188155,0,353.68672022008315,-27.086750752856815,0.002214489921674076,15.0,0.0,True
2022-11-14 20:37:21.050038,L,0.07702302932739258,6.300000000000001,10,30.0,22.913370026479342,0.059937284358926896,0,377.36840773887474,-28.552415747041376,0.002214489921674076,15.0,0.0,True
2022-11-14 20:37:21.127107,L,0.07736682891845703,6.300000000000001,10,30.0,24.72673935683727,0.058150486298529584,0,351.1240683601854,-27.257497467041937,0.002214489921674076,15.0,0.0,True
2022-11-14 20:37:21.204177,L,0.0764164924621582,6.300000000000001,10,30.0,28.603195035556148,0.008230370286153345,0,302.0911372175535,12.666028946949098,0.002214489921674076,15.0,0.0,True
2022-11-14 20:37:21.281246,L,0.07730507850646973,6.300000000000001,10,30.0,29.50547741890916,0.006616582820684008,0,295.2458357301275,13.935390174979359,0.002214489921674076,15.0,0.0,True
2022-11-14 20:37:21.365324,L,0.08363556861877441,6.300000000000001,10,30.0,26.90596602903738,0.009907675925309743,0,331.2328268824868,11.277054408299156,0.002214489921674076,15.0,0.0,True
2022-11-14 20:37:21.453404,L,0.08573198318481445,6.300000000000001,10,30.0,24.438451328483758,0.01329916634536894,0,361.56664038708897,8.529655066885798,0.002214489921674076,15.0,0.0,True
2022-11-14 20:37:21.535477,L,0.08422017097473145,6.300000000000001,10,30.0,25.078324350000965,0.058752144018473354,0,351.07923776821247,-27.986171870811884,0.002214489921674076,15.0,0.0,True
2022-11-14 20:37:21.622557,L,0.08467507362365723,7.5,10,30.0,26.911776925141226,0.058344477659469936,0,328.19527992973207,-27.80280340407286,0.0020655624408874584,15.0,0.0,True
2022-11-14 20:37:21.713638,L,0.09107518196105957,7.5,10,30.0,28.346300307673268,0.057290021315040025,0,311.87240349238266,-27.115701668122902,0.0020655624408874584,15.0,0.0,True
2022-11-14 20:37:21.787260,L,0.0803077220916748,14.0,10,30.0,27.504027928984648,0.0009871408315282318,0,325.00446792658016,17.93111958154876,0.0020655624408874584,15.0,0.0,True
2022-11-14 20:37:21.920517,L,0.0767214298248291,14.0,10,30.0,26.831866230107643,-0.00762832451883721,0,333.38383645144995,24.835161602511022,0.0020655624408874584,15.0,0.0,True
2022-11-14 20:37:21.951267,L,0.07726359367370605,8.5,10,30.0,27.09153641804216,-0.006750640174490599,0,329.5050405497481,24.147424938289717,0.0020655624408874584,15.0,0.0,True
2022-11-14 20:37:22.026344,L,0.07745862007141113,8.5,10,30.0,26.719227726979035,-0.00013516596307925287,0,335.2977314754465,18.85461919274612,0.0020655624408874584,15.0,0.0,True
2022-11-14 20:37:22.105288,L,0.07779741287231445,8.5,10,30.0,27.409406725884523,0.006010262684428782,0,326.05086241156243,13.92431292658222,0.0020655624408874584,15.0,0.0,True
2022-11-14 20:37:22.182853,L,0.07738161087036133,12.399999999999999,10,30.0,27.039169715416595,0.05686561044986253,0,332.31753927287,-26.897757954619802,0.0020655624408874584,15.0,0.0,True
2022-11-14 20:37:22.260923,L,0.07730722427368164,12.399999999999999,10,30.0,26.675990022105424,0.057388712880923606,0,337.1809670193086,-27.442832408008055,0.0020655624408874584,15.0,0.0,True
2022-11-14 20:37:22.342507,L,0.07704758644104004,12.399999999999999,10,30.0,26.615819768776987,0.003699758310456382,0,338.0328032979863,15.506815475381963,0.0020655624408874584,15.0,0.0,True
2022-11-14 20:37:22.418900,L,0.07942986488342285,18.4,10,30.0,27.250256173337917,-0.001497937079012854,0,329.9795572194536,19.66222730554248,0.0020655624408874584,15.0,0.0,True
2022-11-14 20:37:22.617967,L,0.0899653434753418,18.4,10,30.0,27.423645641532467,0.0026276822509576285,0,328.9684574933017,16.35352687729071,0.0020655624408874584,15.0,0.0,True
2022-11-14 20:37:22.617967,L,0.0802145004272461,18.4,10,30.0,28.179907298924622,0.007446675813855773,0,319.43524325107205,12.480269900903165,0.0020655624408874584,15.0,0.0,True
2022-11-14 20:37:22.671358,L,0.08049631118774414,18.4,10,30.0,27.470547759239107,0.0585566868719881,0,330.17881241923845,-28.554895461512732,0.0020655624408874584,15.0,0.0,True
2022-11-14 20:37:22.752448,L,0.08091092109680176,18.4,10,30.0,26.436025420183018,0.060202267446467665,0,343.5671712573149,-30.011344569547045,0.0018478588157306108,15.0,0.0,True
2022-11-14 20:37:22.833709,L,0.08040094375610352,21.4,10,30.0,26.167471416266153,0.05826095964613916,0,346.46152141315577,-28.598380578352405,0.0018478588157306108,15.0,0.0,True
2022-11-14 20:37:22.914824,L,0.07913732528686523,21.4,10,30.0,27.855651096232783,0.010666361682523447,0,324.07551473040996,9.457747297396459,0.0018478588157306108,15.0,0.0,True
2022-11-14 20:37:22.992911,L,0.0786900520324707,21.4,10,30.0,27.311116343590193,-0.000320632956900947,0,333.8583361584922,18.243481986218185,0.0018478588157306108,15.0,0.0,True
2022-11-14 20:37:23.073836,L,0.07912302017211914,21.4,10,30.0,27.376635464813656,-0.00031086619774993305,0,332.71243762310485,18.235009007894607,0.0018478588157306108,15.0,0.0,True
2022-11-14 20:37:23.151924,L,0.07882094383239746,21.4,10,30.0,25.98390471564683,-0.004943050571253823,0,351.9080732822871,21.953033902876292,0.00018640922649279724,15.0,0.0,True
2022-11-14 20:37:23.243450,L,0.08905267715454102,21.0,10,30.0,26.437054930537684,-0.0022244089543951647,0,344.8290387547355,19.78317032744572,0.00018640922649279724,15.0,0.0,True
2022-11-14 20:37:23.338848,L,0.09660530090332031,21.0,10,30.0,27.48065347465214,0.0015220534892984767,0,332.2212065713344,16.781506692819914,0.00018640922649279724,15.0,0.0,True
2022-11-14 20:37:23.435878,L,0.0896766185760498,21.0,10,30.0,28.04180689610971,0.0011713246803667233,0,326.2930920534734,17.059365448533942,0.0019900985422425174,15.0,0.0,True
2022-11-14 20:37:23.503611,L,0.08561539649963379,21.0,10,30.0,27.385083035575942,0.0005995073635515773,0,336.0143476974601,17.515307168846086,0.0019900985422425174,15.0,0.0,True
2022-11-14 20:37:23.602747,L,0.08567595481872559,21.0,10,30.0,26.17509142466862,0.00415241898176299,0,351.8348780595204,14.661823519566452,0.0019900985422425174,15.0,0.0,True
2022-11-14 20:37:23.703332,L,0.08546233177185059,21.0,10,30.0,26.5823461553039,0.0016267180853265666,0,345.64316291447295,16.678923768712618,0.0019900985422425174,15.0,0.0,True
2022-11-14 20:37:23.774716,L,0.0854957103729248,21.0,10,30.0,27.476765045588607,0.00894944969929035,0,334.7719625736807,10.79663225413221,0.0019900985422425174,15.0,0.0,True
2022-11-14 20:37:23.853528,L,0.08637857437133789,21.0,10,30.0,28.208849036599528,0.00942283688941633,0,326.4950156610266,10.394306264555363,0.0019900985422425174,15.0,0.0,True
2022-11-14 20:37:23.947288,L,0.0848245620727539,21.0,10,30.0,27.282640849090242,0.05819614043224672,0,340.009951484607,-28.77812553310053,0.0019900985422425174,15.0,0.0,True
2022-11-14 20:37:24.091656,L,0.0841820240020752,21.0,10,30.0,25.583255183838013,0.05995459619606718,0,362.0729938743226,-30.330762105788995,0.0019900985422425174,15.0,0.0,True
2022-11-14 20:37:24.122683,L,0.08983445167541504,21.0,10,30.0,26.145548280491035,0.010990149240672637,0,353.37337664648925,8.816836044856935,0.0019900985422425174,15.0,0.0,True
2022-11-14 20:37:24.203427,L,0.08738255500793457,21.0,10,30.0,28.87029123611073,-0.05738180817627926,0,318.38163904332185,63.66720096894467,0.0019900985422425174,15.0,0.0,True
2022-11-14 20:37:24.287208,L,0.0824127197265625,21.0,10,30.0,29.818373215103026,-0.06242818473954577,0,309.0023619230253,67.85143640395779,0.002748283808908416,15.0,0.0,True
2022-11-14 20:37:24.370386,L,0.08818602561950684,21.0,10,30.0,27.452064531702185,-0.006322831388305915,0,341.681172878711,22.976906795080158,0.002748283808908416,15.0,0.0,True
2022-11-14 20:37:24.468493,L,0.08379244804382324,21.0,10,30.0,23.84941094507048,-0.0035925020656581382,0,387.559943696108,20.80771038811491,0.002748283808908416,15.0,0.0,True
2022-11-14 20:37:24.537069,L,0.08326935768127441,21.0,10,30.0,25.416238024086727,-0.002160023756203813,0,363.3402587791597,19.667277469128283,0.002748283808908416,15.0,0.0,True
2022-11-14 20:37:24.634856,L,0.0844423770904541,21.0,10,30.0,29.411371199028764,0.0010883417606070618,0,312.6485135644403,17.065615335902905,0.002748283808908416,15.0,0.0,True
2022-11-14 20:37:24.720883,L,0.08519196510314941,21.0,10,30.0,30.247790943012625,0.004770426232289781,0,306.3186457249466,14.107708172986001,0.002748283808908416,15.0,0.0,True
2022-11-14 20:37:24.804296,L,0.0885472297668457,21.0,10,30.0,28.046124164131935,0.0054765598219993624,0,336.5529057004153,13.528605738942842,0.002748283808908416,15.0,0.0,True
2022-11-14 20:37:24.887185,L,0.08556509017944336,21.0,10,30.0,26.85337165748919,0.008700693828566862,0,350.3119576744173,10.92666720583533,0.002748283808908416,15.0,0.0,True
2022-11-14 20:37:24.969186,L,0.08542227745056152,21.0,10,30.0,26.26081599998739,0.011232349682359902,0,357.36115196416375,8.872638171400363,0.002748283808908416,15.0,0.0,True
2022-11-14 20:37:25.068163,L,0.08505463600158691,21.0,10,30.0,28.75128131437234,0.0115650792906944,0,324.06623159301887,8.577201826446395,0.002748283808908416,15.0,0.0,True
2022-11-14 20:37:25.200806,L,0.08372116088867188,21.0,10,30.0,29.344505500727372,0.012444598420756514,0,319.2768045903623,7.84226430172959,0.002748283808908416,15.0,0.0,True
2022-11-14 20:37:25.237110,L,0.08538508415222168,21.0,10,30.0,27.271088015972957,0.011784506474088614,0,347.7607160000946,8.340333587780279,0.002748283808908416,15.0,0.0,True
2022-11-14 20:37:25.320860,L,0.08932185173034668,21.0,10,30.0,25.726178221386384,0.012341853197637996,0,366.3644103664,7.861244588279177,0.002748283808908416,15.0,0.0,True
2022-11-14 20:37:25.402344,L,0.07708144187927246,21.0,10,30.0,25.996758670204557,0.059665440503652696,0,361.6539653767297,-30.141675231324783,0.004917957711895042,15.0,0.0,True
2022-11-14 20:37:25.471891,L,0.07705521583557129,21.0,10,30.0,27.434403080778416,0.0607836938746928,0,343.2829168299954,-31.170794644485813,0.004917957711895042,15.0,0.0,True
2022-11-14 20:37:25.605522,L,0.07686042785644531,21.0,10,30.0,29.44525722322246,0.014695344489946992,0,318.4874342710369,5.672141642095032,0.004917957711895042,15.0,0.0,True
2022-11-14 20:37:25.635566,L,0.07746624946594238,21.0,10,30.0,29.179709368548604,0.011754971956618664,0,324.7601310312777,7.991504460171903,0.004917957711895042,15.0,0.0,True
2022-11-14 20:37:25.703649,L,0.07681846618652344,21.0,10,30.0,26.98988310713416,0.01401511177359309,0,354.00837047076817,6.1504202383946724,0.004917957711895042,15.0,0.0,True
2022-11-14 20:37:25.786288,L,0.07701444625854492,21.0,10,30.0,26.056583527507346,0.015367344035034843,0,364.17656466194904,5.03324784115902,0.004917957711895042,15.0,0.0,True
2022-11-14 20:37:25.854962,L,0.07704615592956543,21.0,10,30.0,26.985797746549984,0.06298391312765297,0,351.0725606366147,-33.211592168444255,0.004917957711895042,15.0,0.0,True
2022-11-14 20:37:25.940580,L,0.07669687271118164,21.0,10,30.0,28.893741127165473,0.061469180467920825,0,327.0653403450274,-32.134863096555414,0.004917957711895042,15.0,0.0,True
2022-11-14 20:37:26.026563,L,0.07860946655273438,21.0,10,30.0,28.861009799365963,0.05708263084519564,0,330.1664666887817,-28.759879931207372,0.004917957711895042,15.0,0.0,True
2022-11-14 20:37:26.112657,L,0.08893084526062012,21.0,10,30.0,27.39610786746257,0.0003740183614303115,0,349.8140217947415,16.611830893787072,0.004917957711895042,15.0,0.0,True
2022-11-14 20:37:26.198734,L,0.08465266227722168,21.0,10,30.0,27.537994151906286,-0.057084345470616145,0,346.7133699688161,62.72390304856491,0.004917957711895042,15.0,0.0,True
2022-11-14 20:37:26.317728,L,0.09029173851013184,21.0,10,30.0,27.91078827240011,-0.007518602252263098,0,342.37185025886834,23.07939744997132,0.004917957711895042,15.0,0.0,True
2022-11-14 20:37:26.376019,L,0.08644819259643555,21.0,10,30.0,27.784575346577903,0.002219751864642701,0,344.8283199540634,15.28732036470864,0.004917957711895042,15.0,0.0,True
2022-11-14 20:37:26.453733,L,0.0858759880065918,21.0,10,30.0,27.551543708488154,0.005173555827872525,0,348.1705867974804,12.911731201985216,0.004917957711895042,15.0,0.0,True
2022-11-14 20:37:26.536058,L,0.0832974910736084,21.0,10,30.0,28.042233255999736,0.008015043394110273,0,341.7480271985267,10.618514995169091,0.00473908014333121,15.0,0.0,True
2022-11-14 20:37:26.704601,L,0.08501982688903809,21.0,10,30.0,28.514077348423044,0.05768762488884696,0,336.37266344411,-29.27218930215951,0.00473908014333121,15.0,0.0,True
2022-11-14 20:37:26.717613,L,0.08337640762329102,21.0,10,30.0,28.498673942309765,0.059666539868043524,0,337.381310445618,-30.998959614799936,0.00473908014333121,15.0,0.0,True
2022-11-14 20:37:26.827712,L,0.09634876251220703,21.0,10,30.0,28.09437699608109,0.0584388365282081,0,343.0012263022182,-30.18534746043653,0.00473908014333121,15.0,0.0,True
2022-11-14 20:37:26.890750,L,0.07734990119934082,21.0,10,30.0,27.847630380329953,0.0026167726699235397,0,346.1945391998193,14.47332081431871,0.00473908014333121,15.0,0.0,True
2022-11-14 20:37:26.968820,L,0.0769345760345459,21.0,10,30.0,27.71122224767336,-0.004760503869122473,0,348.04191259415546,20.37987154437055,0.00473908014333121,15.0,0.0,True
2022-11-14 20:37:27.048248,L,0.07877683639526367,21.0,10,30.0,28.531136917843224,-0.05749785960032249,0,337.2162504578121,62.71137673680876,0.00473908014333121,15.0,0.0,True
2022-11-14 20:37:27.127319,L,0.07900381088256836,21.0,10,30.0,28.653001436752184,-0.05984551893723951,0,336.8532676268297,64.7249475601653,0.00473908014333121,15.0,0.0,True
2022-11-14 20:37:27.216409,L,0.08962512016296387,21.0,10,30.0,27.54882358465226,-0.010621452454621465,0,351.9290232090018,25.368463467286528,0.00473908014333121,15.0,0.0,True
2022-11-14 20:37:27.286776,L,0.07895731925964355,21.0,10,30.0,26.80148986291997,-0.005913331661435868,0,361.11662690336243,21.620869788033165,0.00442630524460411,15.0,0.0,True
2022-11-14 20:37:27.373202,L,0.07708287239074707,21.0,10,30.0,27.063395689544336,-0.007373034100378595,0,357.14020560856795,22.806467433332173,0.00442630524460411,15.0,0.0,True
2022-11-14 20:37:27.452935,L,0.07900881767272949,21.0,10,30.0,28.619390925517415,-0.05883229534085704,0,337.05680070436205,64.11964826422475,0.00442630524460411,15.0,0.0,True
2022-11-14 20:37:27.536397,L,0.08187079429626465,21.0,10,30.0,28.301075289274287,-0.061016123336946906,0,343.51296980515986,66.01032745278668,0.00442630524460411,15.0,0.0,True
2022-11-14 20:37:27.626908,L,0.08965587615966797,21.0,10,30.0,26.902714740240867,-0.05971446078655623,0,362.0195712130294,65.1291980564268,0.005014050861495375,15.0,0.0,True
2022-11-14 20:37:27.711984,L,0.08538365364074707,21.0,10,30.0,27.921472043355013,-0.05676276392971047,0,347.396577974476,62.91303842238056,0.005014050861495375,15.0,0.0,True
2022-11-14 20:37:27.799045,L,0.08549928665161133,21.0,10,30.0,28.118413293474724,-0.0018177220128100199,0,346.31784167328084,18.955586630734366,0.005014050861495375,15.0,0.0,True
2022-11-14 20:37:27.885729,L,0.08592367172241211,21.0,10,30.0,28.270806960665933,-0.0023942758091896857,0,344.8392581105425,19.42949489189981,0.011360689476623831,15.0,0.0,False
2022-11-14 20:37:27.970805,L,0.08540225028991699,21.0,10,30.0,26.293754036204014,-0.004498517050396534,0,371.68928530960744,21.124592680323275,0.011360689476623831,15.0,0.0,False
2022-11-14 20:37:28.066892,L,0.08440828323364258,21.0,10,30.0,27.043291916081206,-0.05170024999212838,0,359.99099188797413,59.022242595832886,0.011360689476623831,15.0,0.0,False
2022-11-14 20:37:28.142978,L,0.08528637886047363,21.0,10,30.0,27.770429958528496,-0.06135739692313051,0,351.6810461702047,66.90048889302747,0.011360689476623831,15.0,0.0,False
2022-11-14 20:37:28.229055,L,0.08723711967468262,21.0,10,30.0,27.413167399863163,-0.07179584701112579,0,357.68164698875466,75.43921109100397,0.011360689476623831,15.0,0.0,False
2022-11-14 20:37:28.312266,L,0.08284354209899902,21.0,10,30.0,27.336760332588383,-0.0766919117770695,0,358.7224963380492,79.54606023318999,0.011360689476623831,15.0,0.0,False
2022-11-14 20:37:28.400470,L,0.08581423759460449,21.0,10,30.0,28.163593357410186,-0.08268765829190508,0,348.059934177608,84.55563848333821,0.01828214737231893,15.0,0.0,False
2022-11-14 20:37:28.484563,L,0.0850515365600586,21.0,10,30.0,28.060020740844408,-0.08832436041478543,0,350.7180932818894,89.29032790929516,0.01828214737231893,15.0,0.0,False
2022-11-14 20:37:28.568620,L,0.08304214477539062,21.0,10,30.0,28.19238391843609,-0.14292595301170652,0,349.1487827074994,133.33358074416842,0.01828214737231893,15.0,0.0,False
2022-11-14 20:37:28.655921,L,0.0873878002166748,21.0,10,30.0,27.921104281843604,-0.1591131986643619,0,353.23730329937445,146.69579101848785,0.01828214737231893,15.0,0.0,False
2022-11-14 20:37:28.741998,L,0.08610939979553223,21.0,10,30.0,27.729677809885807,-0.21512139914019143,0,355.83728732041607,192.06272259726353,0.026513301247721624,15.0,0.0,False
2022-11-14 20:37:28.829059,L,0.08572554588317871,21.0,10,30.0,28.469446901517692,-0.21921772670231965,0,346.1372165176424,195.89753496035758,0.026513301247721624,15.0,0.0,False
2022-11-14 20:37:28.914152,L,0.08565092086791992,21.0,10,30.0,28.855631887398456,-0.16851029206748985,0,342.11109715997395,155.7581810171709,0.026513301247721624,15.0,0.0,False
2022-11-14 20:37:29.002231,L,0.08723783493041992,21.0,10,30.0,28.892969396244716,-0.14922863542453035,0,342.26427975409786,140.72711719851588,0.03707071318029207,15.0,0.0,False
2022-11-14 20:37:29.089719,L,0.08620548248291016,21.0,10,30.0,28.277754869415915,-0.08491738850684147,0,350.70024825222765,89.49248001093562,0.03707071318029207,15.0,0.0,False
2022-11-14 20:37:29.175796,L,0.08613228797912598,21.0,10,30.0,28.209105749229074,-0.07823378595174384,0,351.19858673395686,84.35443587384384,0.03707071318029207,15.0,0.0,False
2022-11-14 20:37:29.263876,L,0.08743715286254883,21.0,10,30.0,27.64422933394832,-0.07363582913114244,0,358.95540258286434,80.8694757457873,0.03707071318029207,15.0,0.0,False
2022-11-14 20:37:29.350954,L,0.08685684204101562,21.0,10,30.0,28.260583144042506,-0.07631727110322978,0,350.50565997672,83.21432421648984,0.03707071318029207,15.0,0.0,False
2022-11-14 20:37:29.435028,L,0.0841212272644043,21.0,10,30.0,29.21489858367596,-0.0806856863348373,0,338.7611298337262,86.91288835076135,0.03707071318029207,15.0,0.0,False
2022-11-14 20:37:29.519360,L,0.0862879753112793,21.0,10,30.0,28.870684886206703,-0.08404095098425451,0,344.6199521267586,89.81452132040235,0.026513301247721624,15.0,0.0,False
2022-11-14 20:37:29.602135,L,0.08548831939697266,21.0,10,30.0,28.100746032892907,-0.1378618995345879,0,354.6856700391782,133.23075448655962,0.026513301247721624,15.0,0.0,False
2022-11-14 20:37:29.780218,L,0.08544063568115234,21.0,10,30.0,26.765664730974404,-0.13941993013600512,0,371.92128019658696,134.8284294359555,0.026513301247721624,15.0,0.0,False
2022-11-14 20:37:29.784221,L,0.08507943153381348,21.0,10,30.0,27.35239369877212,-0.13988536629396073,0,363.0788378028777,135.55769173930636,0.026513301247721624,15.0,0.0,False
2022-11-14 20:37:29.875323,L,0.087310791015625,21.0,10,30.0,28.81631475437074,-0.14392271054465722,0,344.73142878854935,139.16495501555673,0.03707071318029207,15.0,0.0,False
2022-11-14 20:37:29.953374,L,0.08559870719909668,21.0,10,30.0,29.935488277056862,-0.1599889109147701,0,331.68160357058946,152.4301751400923,0.03707071318029207,15.0,0.0,False
2022-11-14 20:37:30.037748,L,0.08371996879577637,21.0,10,30.0,29.03489221089773,-0.16074946807017018,0,345.0335437243015,153.44057300239228,0.03707071318029207,15.0,0.0,False
2022-11-14 20:37:30.124827,L,0.08414077758789062,21.0,10,30.0,28.2970907158363,-0.15437172827038032,0,353.97487111979143,148.72720105040386,0.05405510424582561,15.0,0.0,False
2022-11-14 20:37:30.205567,L,0.0898280143737793,21.0,10,30.0,27.603835340182663,-0.14404761501739552,0,362.619314045005,140.8557044494094,0.05405510424582561,15.0,0.0,False
2022-11-14 20:37:30.300765,L,0.08678483963012695,21.0,10,30.0,27.724728777638866,-0.08289769769502894,0,360.65244986389433,92.14570166148883,0.05405510424582561,15.0,0.0,False
2022-11-14 20:37:30.388846,L,0.08609271049499512,21.0,10,30.0,28.543372467351396,-0.07709994088283266,0,350.26795191219804,87.713001218652,0.05405510424582561,15.0,0.0,False
2022-11-14 20:37:30.538981,L,0.09294748306274414,21.0,10,30.0,29.504402806854795,-0.06824649098834151,0,338.7446532196904,80.82026240005885,0.05405510424582561,15.0,0.0,False
2022-11-14 20:37:30.569025,L,0.08638763427734375,21.0,10,30.0,29.02679756444243,-0.06515987525369947,0,346.2308742390359,78.52043525995273,0.05405510424582561,15.0,0.0,False
2022-11-14 20:37:30.655084,L,0.08704948425292969,21.0,10,30.0,27.880894132953042,-0.057041377590247896,0,361.11416823391903,72.17402447234403,0.055800957166702775,15.0,0.0,False
2022-11-14 20:37:30.735834,L,0.0833742618560791,21.0,10,30.0,27.452420212465654,0.006863183822953672,0,365.87819510341814,21.026476802540795,0.055800957166702775,15.0,0.0,False
2022-11-14 20:37:30.819783,L,0.08536028861999512,21.0,10,30.0,28.635127797716393,0.06449006597847132,0,350.0192517705826,-25.23926187607979,0.055800957166702775,15.0,0.0,False
2022-11-14 20:37:30.917589,L,0.08659982681274414,21.0,10,30.0,29.457691141999863,0.06585626123282863,0,340.678123028548,-26.496719045941497,0.055800957166702775,15.0,0.0,False
2022-11-14 20:37:31.003432,L,0.09619784355163574,21.0,10,30.0,28.543779994417726,0.06433339721431887,0,353.82510423071966,-25.46377378854034,0.04977752012940453,15.0,0.0,False
2022-11-14 20:37:31.086877,L,0.09131789207458496,21.0,10,30.0,27.714370030073646,0.06455191119971276,0,364.1536953961696,-25.815609545015867,0.04977752012940453,15.0,0.0,False
2022-11-14 20:37:31.202736,L,0.08534812927246094,21.0,10,30.0,30.100366923147295,0.06251546708762092,0,331.80072838608487,-24.346259066980828,0.034230513947578825,15.0,0.0,False
2022-11-14 20:37:31.273919,L,0.08551955223083496,21.0,10,30.0,31.007604377151445,0.05652792006787552,0,322.4762907267679,-19.700787190200852,0.034230513947578825,15.0,0.0,False
2022-11-14 20:37:31.354323,L,0.08487510681152344,21.0,10,30.0,27.977045875342775,0.0033526192163873627,0,363.8178528360921,22.83648185906925,0.034230513947578825,15.0,0.0,False
2022-11-14 20:37:31.442646,L,0.08336186408996582,21.0,10,30.0,26.661342983597983,-0.004555044563199903,0,378.1706146372682,29.168687864506044,0.034230513947578825,15.0,0.0,False
2022-11-14 20:37:31.535385,L,0.08153653144836426,21.0,10,30.0,26.378307290374657,-0.003980896437745073,0,380.92646783429717,28.718088007826296,0.034230513947578825,15.0,0.0,False
2022-11-14 20:37:31.603928,L,0.08798718452453613,21.0,10,30.0,26.736916009745002,0.0024823327877313154,0,376.4426856221098,23.540288074471874,0.034230513947578825,15.0,0.0,False
2022-11-14 20:37:31.700966,L,0.08711075782775879,21.0,10,30.0,26.986859581621808,0.004336246708351075,0,374.0889597306331,22.04634666809659,0.034230513947578825,15.0,0.0,False
2022-11-14 20:37:31.770789,L,0.07870030403137207,21.0,10,30.0,29.785900644627958,0.05694404331942612,0,337.264510251352,-20.180807777301293,0.00501031287135622,15.0,0.0,True
2022-11-14 20:37:31.867687,L,0.07916927337646484,21.0,10,30.0,29.88562388667352,0.056842874872676745,0,339.5165617157368,-20.22818194066769,0.00501031287135622,15.0,0.0,True
2022-11-14 20:37:31.936034,L,0.07697248458862305,21.0,10,30.0,29.35450322783594,0.057743721840644927,0,346.80535631638077,-21.082329660912094,0.00501031287135622,15.0,0.0,True
2022-11-14 20:37:32.013408,L,0.07695412635803223,21.0,10,30.0,28.5859480896238,0.004630881747991916,0,356.5543571270153,21.404270367686674,0.00501031287135622,15.0,0.0,True
2022-11-14 20:37:32.102120,L,0.07684326171875,21.0,10,30.0,28.479842397727005,0.004417531356831585,0,357.2006152841269,21.557892836110373,0.0027095463349032715,15.0,0.0,True
2022-11-14 20:37:32.167445,L,0.07655882835388184,21.0,10,30.0,29.24655984004441,0.005422005721584496,0,346.97581540607354,20.74170130484406,0.0027095463349032715,15.0,0.0,True
2022-11-14 20:37:32.236946,L,0.07758569717407227,21.0,10,30.0,29.22989242533366,0.0036009529150085014,0,348.3182805258834,22.19052799479139,0.00501031287135622,15.0,0.0,True
2022-11-14 20:37:32.319222,L,0.07804107666015625,21.0,10,30.0,28.265005514220874,0.05818689634340694,0,361.38262594026025,-21.62168501848415,0.00501031287135622,15.0,0.0,True
2022-11-14 20:37:32.469523,L,0.08587813377380371,21.0,10,30.0,28.853966942121534,0.055936818925128355,0,352.5897330764013,-19.958479049832356,0.00501031287135622,15.0,0.0,True
2022-11-14 20:37:32.497570,L,0.08569979667663574,21.0,10,30.0,27.716248403876307,0.004455104212035081,0,368.6471630315407,21.221183882202542,0.00501031287135622,15.0,0.0,True
2022-11-14 20:37:32.585666,L,0.08834528923034668,21.0,10,30.0,27.936256320494685,0.0014482221058654528,0,364.79511753288074,23.617184399292476,0.00501031287135622,15.0,0.0,True
2022-11-14 20:37:32.669500,L,0.08870697021484375,21.0,10,30.0,28.861801492457836,0.002151066502139065,0,353.09616593966297,23.048764856678805,0.00501031287135622,15.0,0.0,True
2022-11-14 20:37:32.751529,L,0.0856013298034668,21.0,10,30.0,29.03541029356802,0.0019530172308447552,0,352.018563451658,23.202291215939173,0.00501031287135622,15.0,0.0,True
2022-11-14 20:37:32.902486,L,0.08282279968261719,21.0,10,30.0,29.36154223688886,0.009046406083590612,0,348.0197779894638,17.504223083494345,0.0027095463349032715,15.0,0.0,True
2022-11-14 20:37:32.932281,L,0.0855414867401123,21.0,10,30.0,28.6683181865939,0.06317573293858664,0,357.7704605467704,-25.966834175496036,0.0027095463349032715,15.0,0.0,True
2022-11-14 20:37:33.022065,L,0.08940815925598145,21.0,10,30.0,29.14671714745402,0.060470776647207465,0,350.8367857301509,-23.958436182058094,0.0027095463349032715,15.0,0.0,True
2022-11-14 20:37:33.117779,L,0.09620451927185059,21.0,10,30.0,28.17937313729072,0.05593466826104787,0,364.335799829533,-20.49081554266901,0.0027095463349032715,15.0,0.0,True
2022-11-14 20:37:33.202069,L,0.08490133285522461,21.0,10,30.0,32.02655293130725,-0.0036689462614549096,0,312.2886665186594,27.20796986046128,0.0012861506196334231,15.0,0.0,True
2022-11-14 20:37:33.285219,L,0.08480501174926758,21.0,10,30.0,30.12103759950128,-0.055774418788401024,0,341.9126123064075,69.03337020030054,0.0012014561402564575,15.0,0.0,True
2022-11-14 20:37:33.369197,L,0.0841667652130127,21.0,10,30.0,28.945807213206066,-0.004086996630722222,0,355.34220745995395,27.681466929917374,0.0012014561402564575,15.0,0.0,True
2022-11-14 20:37:33.484021,L,0.08467912673950195,21.0,10,30.0,28.543107971175218,0.006142442330666016,0,359.50058239824693,19.487244710226722,0.0012014561402564575,15.0,0.0,True
2022-11-14 20:37:33.546219,L,0.08400535583496094,21.0,10,30.0,28.414009357292308,0.05862001157864372,0,360.99434916911355,-22.647581443803396,0.0012014561402564575,15.0,0.0,True
2022-11-14 20:37:33.620329,L,0.08426380157470703,21.0,10,30.0,28.75135538296233,0.06150200971666926,0,356.6026037884234,-25.10274683805327,0.0012014561402564575,15.0,0.0,True
2022-11-14 20:37:33.718663,L,0.09006214141845703,21.0,10,30.0,28.917579200053368,0.06122556262086593,0,355.01866768847464,-25.046639603734445,0.0012014561402564575,15.0,0.0,True
2022-11-14 20:37:33.803009,L,0.08495163917541504,21.0,10,30.0,30.143239784323804,0.05557754403279503,0,339.028194966747,-20.669232681393158,0.0012014561402564575,15.0,0.0,True
2022-11-14 20:37:33.890182,L,0.08564209938049316,21.0,10,30.0,30.106904668091886,0.0034846851026329177,0,340.93110647707726,21.00151916209248,0.0012014561402564575,15.0,0.0,True
2022-11-14 20:37:33.969392,L,0.08592343330383301,21.0,10,30.0,28.720173574860844,-0.00027463299890239897,0,359.36330195785445,24.00403646233099,0.0012014561402564575,15.0,0.0,True
2022-11-14 20:37:34.051362,L,0.08492803573608398,21.0,10,30.0,28.436319887383203,0.001534952863356751,0,361.7554603532649,22.55180636418465,0.0012014561402564575,15.0,0.0,True
2022-11-14 20:37:34.134737,L,0.08514237403869629,21.0,10,30.0,28.233053117833258,0.0033393140573245304,0,364.4000547005506,21.09978904524622,0.0012014561402564575,15.0,0.0,True
2022-11-14 20:37:34.235775,L,0.08477187156677246,21.0,10,30.0,28.26233076878875,0.002974747437816485,0,364.0700593537152,21.384132022051332,0.0012014561402564575,15.0,0.0,True
2022-11-14 20:37:34.318180,L,0.08457565307617188,21.0,10,30.0,29.377251684479706,0.0022206321584143924,0,349.5126312431559,21.981836062092544,0.0013724290826091032,15.0,0.0,True
2022-11-14 20:37:34.402203,L,0.08513665199279785,21.0,10,30.0,29.806716050518066,-5.977981125357097e-05,0,345.2057815283717,23.806497009975594,0.0025787333228716167,15.0,0.0,True
2022-11-14 20:37:34.485865,L,0.08432173728942871,21.0,10,30.0,29.648789345086698,-0.002594714829957304,0,347.85186321979927,25.841041524180998,0.0025787333228716167,15.0,0.0,True
2022-11-14 20:37:34.569380,L,0.08451437950134277,21.0,10,30.0,28.989462133777092,-0.049175198438384,0,356.5274452280384,63.23531967125034,0.0025787333228716167,15.0,0.0,True
2022-11-14 20:37:34.667463,L,0.0854647159576416,21.0,10,30.0,28.84587973897892,-0.0011351534707372075,0,357.83557291044576,24.79506158044918,0.0025787333228716167,15.0,0.0,True
2022-11-14 20:37:34.735682,L,0.08389544486999512,21.0,10,30.0,29.297260883926786,-0.051223354634729504,0,351.83088224456765,65.00613604614301,0.0025787333228716167,15.0,0.0,True
2022-11-14 20:37:34.819923,L,0.08792829513549805,21.0,10,30.0,29.692212168950036,-0.06697207085627731,0,347.23444725626143,77.77759199765225,0.0025787333228716167,15.0,0.0,True
2022-11-14 20:37:34.919053,L,0.08668684959411621,21.0,10,30.0,28.723315754704757,-0.07373860543625574,0,360.6494190875485,83.38157416953675,0.0025787333228716167,15.0,0.0,True
2022-11-14 20:37:35.002738,L,0.0877227783203125,21.0,10,30.0,28.383596381548482,-0.07314591682146655,0,364.2792100076966,83.09907203306435,0.00814781139808171,15.0,0.0,True
2022-11-14 20:37:35.102520,L,0.09565949440002441,21.0,10,30.0,28.784499823679656,-0.07521725659653274,0,358.89455799364936,84.97228529161092,0.00814781139808171,15.0,0.0,True
2022-11-14 20:37:35.186430,L,0.08644366264343262,21.0,10,30.0,28.353491231839335,-0.07771101643156818,0,365.26901641104024,87.16889385751927,0.00814781139808171,15.0,0.0,True
2022-11-14 20:37:35.268370,L,0.0874631404876709,21.0,10,30.0,26.959859986623986,-0.0762505950356471,0,383.61918381533553,86.20017477649353,0.00814781139808171,15.0,0.0,True
2022-11-14 20:37:35.367264,L,0.08866047859191895,21.0,10,30.0,25.78326876007728,-0.08269932652129608,0,398.2196759146211,91.58001914801764,0.018929212749699883,15.0,0.0,False
2022-11-14 20:37:35.451729,L,0.08715295791625977,21.0,10,30.0,28.815809001273195,-0.1522380562973745,0,357.2289684199791,147.61629445438174,0.021391093353117403,15.0,0.0,False
2022-11-14 20:37:35.534594,L,0.08917975425720215,21.0,10,30.0,31.096728261109206,-0.16739356874605923,0,330.58422139608524,160.18226843788676,0.021391093353117403,15.0,0.0,False
2022-11-14 20:37:35.633901,L,0.09059572219848633,21.0,10,30.0,29.00293910470407,-0.16808094529870868,0,360.7591497447642,161.1873685575779,0.021391093353117403,15.0,0.0,False
2022-11-14 20:37:35.719152,L,0.08437895774841309,21.0,10,30.0,28.334941012261318,-0.15272842139980194,0,367.5366483643081,149.29006604293906,0.021391093353117403,15.0,0.0,False
2022-11-14 20:37:35.802017,L,0.08606314659118652,21.0,10,30.0,27.432272554599308,-0.14089202227722733,0,379.0678233131309,140.1851592252888,0.021391093353117403,15.0,0.0,False
2022-11-14 20:37:35.884971,L,0.08758997917175293,21.0,10,30.0,28.684436528137265,-0.1288750606021217,0,361.7938971644678,130.91023816083745,0.021391093353117403,15.0,0.0,False
2022-11-14 20:37:35.984862,L,0.08674287796020508,21.0,10,30.0,28.647664062509822,-0.07679801089522795,0,363.9417447261284,89.44381715513386,0.021391093353117403,15.0,0.0,False
2022-11-14 20:37:36.069124,L,0.08762240409851074,21.0,10,30.0,31.23046908699039,-0.07315469850399038,0,329.7424049371408,86.72705477287431,0.05072548993221491,15.0,0.0,False
2022-11-14 20:37:36.151992,L,0.08543872833251953,21.0,10,30.0,31.23696260661675,-0.07136645433679366,0,332.39316715745355,85.47958970778436,0.05072548993221491,15.0,0.0,False
2022-11-14 20:37:36.235632,L,0.08559775352478027,21.0,10,30.0,28.33890524730816,-0.07256251740290148,0,370.8474975142241,86.62312484708086,0.05072548993221491,15.0,0.0,False
2022-11-14 20:37:36.317844,L,0.08570647239685059,21.0,10,30.0,26.863075313536562,-0.07815697210227736,0,387.43145489244773,91.30015837296683,0.05072548993221491,15.0,0.0,False
2022-11-14 20:37:36.418886,L,0.0873260498046875,21.0,10,30.0,28.338977859759474,-0.13285452432431005,0,366.59866108587585,135.41186082982568,0.021391093353117403,15.0,0.0,False
2022-11-14 20:37:36.502263,L,0.08555340766906738,21.0,10,30.0,30.206334660127688,-0.14654871359738278,0,343.66250028775175,146.73868156224944,0.05072548993221491,15.0,0.0,False
2022-11-14 20:37:36.586269,L,0.08473062515258789,21.0,10,30.0,30.609097820734988,-0.1554615417803674,0,340.4334580731,154.2635659592136,0.05072548993221491,15.0,0.0,False
2022-11-14 20:37:36.669607,L,0.08501362800598145,21.0,10,30.0,28.974072286004013,-0.15207031930214415,0,362.6267966999605,151.93697865829807,0.05072548993221491,15.0,0.0,False
2022-11-14 20:37:36.769729,L,0.09230923652648926,-4.0,10,30.0,28.06763323486149,-0.16142705678983735,0,372.9195240279628,159.8708174324608,0.05072548993221491,15.0,0.0,False
2022-11-14 20:37:36.852539,L,0.09074163436889648,-2.6,10,30.0,28.846701549864555,-0.14868156442972832,0,361.93949278233276,150.0767535680279,0.05072548993221491,15.0,0.0,False
2022-11-14 20:37:36.934796,L,0.08748340606689453,-2.9,10,30.0,30.5394128380371,-0.08170266297513731,0,340.45624047683225,96.70180962950562,0.05072548993221491,15.0,0.0,False
2022-11-14 20:37:37.033529,L,0.0855112075805664,-1.6,10,30.0,31.30682821434669,-0.07613941748661056,0,332.0612089689562,92.45354204154218,0.05072548993221491,15.0,0.0,False
2022-11-14 20:37:37.118962,L,0.08582711219787598,1.0999999999999996,10,30.0,29.835570756052245,-0.06812978766851466,0,352.3561782508265,86.22097703328379,0.055414181797014475,15.0,0.0,False
2022-11-14 20:37:37.201168,L,0.08568120002746582,4.5,10,30.0,27.948239245806523,-0.010901962145668449,0,375.84427743481507,40.46099348158376,0.055414181797014475,15.0,0.0,False
2022-11-14 20:37:37.293113,L,0.0859525203704834,3.9000000000000004,10,30.0,28.472033410331587,0.0028179408404747485,0,367.0092761770744,29.48288775813058,0.055414181797014475,15.0,0.0,False
2022-11-14 20:37:37.368982,L,0.0855569839477539,1.7999999999999998,10,30.0,29.765835348758813,0.06122625124563019,0,350.62091039829073,-17.40614118042767,0.055414181797014475,15.0,0.0,False
2022-11-14 20:37:37.452516,L,0.08426880836486816,2.5,10,30.0,30.455923153631822,0.06250896172473189,0,342.9563148234205,-18.583661620334805,0.055109387134339695,15.0,0.0,False
2022-11-14 20:37:37.543063,L,0.07865428924560547,1.5,10,30.0,29.481394512293388,0.05745049699030454,0,356.79015465074576,-14.671656330132198,0.05237317240840428,15.0,0.0,False
2022-11-14 20:37:37.618693,L,0.08147478103637695,2.8,10,30.0,28.945649154015086,0.004786492073209745,0,362.8094621589206,27.453668966601775,0.05237317240840428,15.0,0.0,False
2022-11-14 20:37:37.702714,L,0.07783222198486328,2.4000000000000004,10,30.0,29.203877533262528,-0.0029114938524089844,0,358.845314154938,33.61338115565438,0.05237317240840428,15.0,0.0,False
2022-11-14 20:37:37.782674,L,0.07774901390075684,0.9000000000000004,10,30.0,29.876914870940016,0.0002277737011147372,0,350.25412741475947,31.100043019262735,0.05237317240840428,15.0,0.0,False
2022-11-14 20:37:37.853797,L,0.07710552215576172,2.3,10,30.0,29.80634547565446,0.001572563643234777,0,352.088000822089,30.020802825746983,0.05237317240840428,15.0,0.0,False
2022-11-14 20:37:37.938451,L,0.07856273651123047,1.2999999999999998,10,30.0,29.309316486074326,-0.0008535027003444789,0,358.702001868814,31.964150721116532,0.05237317240840428,15.0,0.0,False
2022-11-14 20:37:38.014529,L,0.07678461074829102,0.9000000000000004,10,30.0,28.832225015498132,0.0032774539808292777,0,364.5951188291096,28.650988836302467,0.05237317240840428,15.0,0.0,False
2022-11-14 20:37:38.092590,L,0.07707905769348145,2.5999999999999996,10,30.0,28.957648263680845,0.056369796999301794,0,362.4666692071039,-13.959583548114429,0.05237317240840428,15.0,0.0,False
2022-11-14 20:37:38.179934,L,0.08704566955566406,-1.7000000000000002,10,25.0,29.692136254109208,0.05754520617961072,0,286.4107660376213,-15.043429718655027,0.016284895860714233,15.0,0.0,False
2022-11-14 20:37:38.274004,L,0.0933077335357666,-0.7000000000000002,10,25.0,30.640162173871616,0.01040728298664399,0,279.5538000345646,22.642963347122688,0.016284895860714233,15.0,0.0,False
2022-11-14 20:37:38.351074,L,0.07701301574707031,-1.0,10,25.0,26.974398530960404,0.008521534452656417,0,329.01480312007783,24.12706708590224,0.016284895860714233,15.0,0.0,False
2022-11-14 20:37:38.429161,L,0.0775911808013916,-2.8,10,25.0,23.22093535811699,0.058244942985826755,0,374.41000009674474,-15.793891802758434,0.016284895860714233,15.0,0.0,False
2022-11-14 20:37:38.507214,L,0.0776987075805664,0.0,10,25.0,24.05368783239825,0.060135996722676256,0,358.6547666805297,-17.44074446783004,0.016284895860714233,15.0,0.0,False
2022-11-14 20:37:38.584301,L,0.07723474502563477,-2.2,10,25.0,27.550316734418843,0.060623671360188716,0,312.8457705832486,-17.97117155080494,0.005726106489062791,15.0,0.0,True
2022-11-14 20:37:38.662353,L,0.07740092277526855,-1.7000000000000002,10,25.0,29.6390903719659,0.06070909121597068,0,288.8909798857631,-18.180423520013054,0.005235426567071327,15.0,0.0,True
2022-11-14 20:37:38.740424,L,0.07744526863098145,-3.3,10,25.0,28.01111595547867,0.011623135779614694,0,312.76101796673373,21.067685306653853,0.005235426567071327,15.0,0.0,True
2022-11-14 20:37:38.817493,L,0.0773630142211914,-3.5,10,25.0,24.854072879294293,0.00627619897362762,0,352.64683398210326,25.32502138256575,0.005235426567071327,15.0,0.0,True
2022-11-14 20:37:38.894691,L,0.07690572738647461,-1.9,10,25.0,23.258451007348278,0.010041900713023801,0,370.0561259645417,22.288110800048365,0.005235426567071327,15.0,0.0,True
2022-11-14 20:37:38.973858,L,0.07874393463134766,-4.0,10,25.0,24.756801644134313,0.06201839849982244,0,348.1366286960623,-19.445705657833383,0.005235426567071327,15.0,0.0,True
2022-11-14 20:37:39.063990,L,0.08821749687194824,-3.9,10,25.0,28.124912148114117,0.06294026030123469,0,305.25281082854616,-20.343271865614323,0.005235426567071327,15.0,0.0,True
2022-11-14 20:37:39.135189,L,0.08610773086547852,-3.0,10,25.0,28.47455236964321,0.059700780929612056,0,303.87066878016924,-17.90542862049769,0.005235426567071327,15.0,0.0,True
2022-11-14 20:37:39.250237,L,0.08788418769836426,-2.5,10,25.0,26.22854429159841,0.05709589453046832,0,333.5685214883402,-15.97213410301198,0.005235426567071327,15.0,0.0,True
2022-11-14 20:37:39.320358,L,0.08204770088195801,-2.0,10,25.0,24.377994180788438,0.008321487207782877,0,355.5770022399787,23.032557228791287,0.005726106489062791,15.0,0.0,True
2022-11-14 20:37:39.385633,L,0.07710123062133789,-3.7,10,25.0,25.45991492249541,0.004001616119352052,0,338.86432989165337,26.47381385898947,0.005726106489062791,15.0,0.0,True
2022-11-14 20:37:39.469824,L,0.0771331787109375,-3.5,10,25.0,27.23480353924472,0.05538950128348909,0,316.3230883007066,-14.771887835349641,0.005726106489062791,15.0,0.0,True
2022-11-14 20:37:39.551696,L,0.07741236686706543,-3.0,10,25.0,27.863381760851016,0.05644081719774375,0,309.8259107306586,-15.73749066302729,0.005726106489062791,15.0,0.0,True
2022-11-14 20:37:39.618579,L,0.07696056365966797,-4.0,10,25.0,25.812348247357463,0.05553904355585246,0,337.7903069795121,-15.144048251727595,0.005726106489062791,15.0,0.0,True
2022-11-14 20:37:39.708076,L,0.0772695541381836,-4.0,10,25.0,24.545608810806275,-0.0003251440617628169,0,352.03573378820636,29.55516816098136,0.005726106489062791,15.0,0.0,True
2022-11-14 20:37:39.787130,L,0.07722926139831543,-4.0,10,25.0,24.3874758852362,-0.00302025250113909,0,352.5933190721099,31.711371663629052,0.005235426567071327,15.0,0.0,True
2022-11-14 20:37:39.863215,L,0.07715630531311035,-3.2,10,25.0,26.64915107150243,0.0042004312269532445,0,322.06268408298934,25.92381716207975,0.001649342508789793,15.0,0.0,True
2022-11-14 20:37:39.940285,L,0.07700586318969727,-2.6,10,25.0,27.545672560888203,0.003678054372495068,0,312.6794279732074,26.33422538048856,0.001649342508789793,15.0,0.0,True
2022-11-14 20:37:40.018001,L,0.08226275444030762,0.20000000000000018,10,25.0,26.88928519767404,0.050028274383422784,0,322.20738131075467,-10.875116785142568,0.001649342508789793,15.0,0.0,True
2022-11-14 20:37:40.101143,L,0.08512520790100098,-1.9,10,25.0,25.280260149517073,0.05278601764985099,0,342.56023820230683,-13.210803571877744,0.001649342508789793,15.0,0.0,True
2022-11-14 20:37:40.184376,L,0.08433651924133301,-1.9,10,25.0,24.479627859738663,0.057116698283809636,0,351.31474258190207,-16.820048321627585,0.001649342508789793,15.0,0.0,True
2022-11-14 20:37:40.270485,L,0.08586931228637695,-1.1,10,25.0,25.250161549166624,0.05180862784004611,0,340.17871240465433,-12.705923447006734,0.001649342508789793,15.0,0.0,True
2022-11-14 20:37:40.367869,L,0.0858309268951416,-1.1,10,25.0,26.188369381490908,0.05326746331263207,0,328.52046542662384,-14.01093982059909,0.001649342508789793,15.0,0.0,True
2022-11-14 20:37:40.452027,L,0.08596086502075195,-2.2,10,25.0,25.028369539169034,-0.05056349943537137,0,344.87812561331145,69.19647367282539,0.001649342508789793,15.0,0.0,True
2022-11-14 20:37:40.535971,L,0.0881795883178711,0.2999999999999998,10,25.0,26.790600901739737,-0.05267826366794251,0,320.0676520223658,71.01580044733326,0.00038289941574066685,15.0,0.0,True
2022-11-14 20:37:40.618070,L,0.08719396591186523,-1.7000000000000002,10,25.0,28.332801648433964,0.0035712435159874897,0,301.20979868143337,26.000162070977435,0.00038289941574066685,15.0,0.0,True
2022-11-14 20:37:40.717926,L,0.08648204803466797,-1.7000000000000002,10,25.0,29.163274013808646,0.059435731826749265,0,291.33245164564585,-18.84564087708358,0.00038289941574066685,15.0,0.0,True
2022-11-14 20:37:40.801457,L,0.08533596992492676,-1.7000000000000002,10,25.0,26.184654977980728,0.06142002875559261,0,331.32443700211707,-20.584091416602085,0.00038289941574066685,15.0,0.0,True
2022-11-14 20:37:40.885223,L,0.08320856094360352,-1.7000000000000002,10,25.0,24.0890750204945,0.05903533840254493,0,355.65099543980836,-18.823187381203446,0.00038289941574066685,15.0,0.0,True
2022-11-14 20:37:40.952166,L,0.07704496383666992,-1.7000000000000002,10,25.0,24.794093501577485,0.05585248693089742,0,343.78896095065437,-16.405874264809803,0.003112394694001842,15.0,0.0,True
2022-11-14 20:37:41.043700,L,0.07729291915893555,-1.7000000000000002,10,25.0,26.297299245740437,0.052783987942581725,0,324.5202051055856,-14.073486049510427,0.003112394694001842,15.0,0.0,True
2022-11-14 20:37:41.120032,L,0.07716798782348633,-1.7000000000000002,10,25.0,27.74355689693142,-3.1489106438490044e-05,0,306.8123327550908,28.185415713203703,0.003112394694001842,15.0,0.0,True
2022-11-14 20:37:41.186116,L,0.0771944522857666,-1.7000000000000002,10,25.0,27.096356018615886,0.0011336421696363408,0,316.96766043383894,27.243690210066024,0.003112394694001842,15.0,0.0,True
2022-11-14 20:37:41.274458,L,0.07721781730651855,-1.7000000000000002,10,25.0,25.763090319504393,0.0047850144209281836,0,333.7372267414836,24.31118582599305,0.003112394694001842,15.0,0.0,True
2022-11-14 20:37:41.351853,L,0.07738518714904785,-1.7000000000000002,10,25.0,24.908645026024242,0.056040025718559254,0,343.38222549475546,-16.82907374397372,0.003112394694001842,15.0,0.0,True
2022-11-14 20:37:41.420159,L,0.07878804206848145,-1.7000000000000002,10,25.0,25.19273034420641,0.05457271678262873,0,338.47811710427834,-15.777407323354879,0.003112394694001842,15.0,0.0,True
2022-11-14 20:37:41.501752,L,0.07818126678466797,-1.7000000000000002,10,25.0,26.770145983307287,0.05177277194841956,0,317.61527511943257,-13.658709382838335,0.003112394694001842,15.0,0.0,True
2022-11-14 20:37:41.584268,L,0.07816815376281738,-1.7000000000000002,10,25.0,27.882697050234533,0.053210152593430454,0,304.40835179677924,-14.933936098693037,0.003112394694001842,15.0,0.0,True
2022-11-14 20:37:41.698457,L,0.08605647087097168,-1.7000000000000002,10,25.0,27.532649314943658,-0.0003257544881037754,0,310.0030672406946,27.902035468650123,0.003112394694001842,15.0,0.0,True
2022-11-14 20:37:41.760951,L,0.08522629737854004,-1.7000000000000002,10,25.0,25.587754708898352,0.0009507264011559621,0,335.11688883207836,26.87204915452499,0.003112394694001842,15.0,0.0,True
2022-11-14 20:37:41.835473,L,0.08458495140075684,-1.7000000000000002,10,25.0,25.402343217262015,0.05364059553772173,0,335.2109280929403,-15.422041219226049,0.003112394694001842,15.0,0.0,True
2022-11-14 20:37:41.932903,L,0.0866994857788086,-4.0,10,25.0,25.967952213426848,0.055178886324464986,0,327.3841979888484,-16.79014148365786,0.003112394694001842,15.0,0.0,True
2022-11-14 20:37:42.019285,L,0.0845186710357666,-4.0,10,25.0,27.802590404643603,0.053282174155740075,0,303.37648615841516,-15.40747006386971,0.003112394694001842,15.0,0.0,True
2022-11-14 20:37:42.102639,L,0.08394813537597656,-4.0,10,25.0,27.738289326704397,0.05313905966720984,0,305.935636546651,-15.427013587713628,0.002155814285859164,15.0,0.0,True
2022-11-14 20:37:42.187961,L,0.08473753929138184,-4.0,10,25.0,26.411591153176524,-0.0026221884768178405,0,323.1058446821194,29.195214279341354,0.0015466855280691508,15.0,0.0,True
2022-11-14 20:37:42.271251,L,0.08297276496887207,-4.0,10,25.0,24.737871855247995,-0.0522318747844664,0,343.68551066226706,69.01237658430279,0.0015466855280691508,15.0,0.0,True
2022-11-14 20:37:42.357630,L,0.08605122566223145,-4.0,10,25.0,25.388469256996377,0.004831658915677416,0,333.0382358858076,23.33646614180649,0.0015466855280691508,15.0,0.0,True
2022-11-14 20:37:42.442918,L,0.08519506454467773,-4.0,10,25.0,26.426578556219518,0.061698586600408015,0,319.875398923195,-22.314812022027954,0.0015466855280691508,15.0,0.0,True
2022-11-14 20:37:42.517629,L,0.08481955528259277,-4.0,10,25.0,26.802016277410452,0.06269280358473273,0,315.84033147168344,-23.26315518791842,0.0015466855280691508,15.0,0.0,True
2022-11-14 20:37:42.617004,L,0.08515501022338867,-4.0,10,25.0,26.183843042662048,0.060726823918690505,0,324.22535981591716,-21.845159168196957,0.0015466855280691508,15.0,0.0,True
2022-11-14 20:37:42.699194,L,0.0837545394897461,-4.0,10,25.0,25.788762007337716,0.0581195354457916,0,328.57998165276996,-19.90528120722138,0.0015466855280691508,15.0,0.0,True
2022-11-14 20:37:42.782340,L,0.08301329612731934,-4.0,10,25.0,24.977023790762,0.05766933698659468,0,338.8307831386577,-19.68899916138853,0.0015466855280691508,15.0,0.0,True
2022-11-14 20:37:42.868418,L,0.08491253852844238,-4.0,10,25.0,26.326678424979423,0.006736876415212799,0,319.8423185811972,21.045751931391926,0.001242861725491695,15.0,0.0,True
2022-11-14 20:37:42.952494,L,0.08426046371459961,-4.0,10,25.0,27.773927803814097,0.004388225095080951,0,301.8797355283717,22.90786088199635,0.001242861725491695,15.0,0.0,True
2022-11-14 20:37:43.038581,L,0.08526229858398438,-4.0,10,25.0,26.68573253844098,0.058937433019603185,0,317.6445012064355,-20.888936236117246,0.001242861725491695,15.0,0.0,True
2022-11-14 20:37:43.124831,L,0.08623695373535156,-4.0,10,25.0,24.17778772978142,0.061144514645602374,0,349.5135598074664,-22.8066471584832,0.001242861725491695,15.0,0.0,True
2022-11-14 20:37:43.210908,L,0.08526206016540527,-4.0,10,25.0,24.532491567349854,0.061429153290850906,0,342.01261719648426,-23.191262811336046,0.001242861725491695,15.0,0.0,True
2022-11-14 20:37:43.295152,L,0.08474230766296387,-4.0,10,25.0,25.758250248212548,0.06279494328679794,0,326.14456308948104,-24.44366424602005,0.001242861725491695,15.0,0.0,True
2022-11-14 20:37:43.380211,L,0.08362698554992676,-4.0,10,25.0,27.165100862060857,0.059354793345689,0,308.6643955919304,-21.839881628303704,0.001242861725491695,15.0,0.0,True
2022-11-14 20:37:43.453336,L,0.08611774444580078,-4.0,10,25.0,26.8926038581522,0.05260995511190318,0,313.6071024758811,-16.579558718561728,0.001242861725491695,15.0,0.0,True
2022-11-14 20:37:43.551145,L,0.08732867240905762,-4.0,10,25.0,25.295512699386606,-0.00300262154319487,0,334.23298709674816,27.92395403506095,0.001242861725491695,15.0,0.0,True
2022-11-14 20:37:43.634800,L,0.0854806900024414,-4.0,10,25.0,25.93983649228519,-0.05392998784434534,0,323.7578325846748,68.80373582366855,0.001242861725491695,15.0,0.0,True
2022-11-14 20:37:43.733950,L,0.09317827224731445,-4.0,10,25.0,26.205974490657734,0.005290245280556784,0,320.80757830161946,21.40044789969065,0.001242861725491695,15.0,0.0,True
2022-11-14 20:37:43.817875,L,0.09308862686157227,-4.0,10,25.0,25.478643585749307,0.060666346684275604,0,330.5133906424562,-23.069446797107762,0.001242861725491695,15.0,0.0,True
2022-11-14 20:37:43.916464,L,0.08551669120788574,-4.0,10,25.0,25.40729714143819,0.06141859610049401,0,330.6019847623237,-23.822954998328967,0.001242861725491695,15.0,0.0,True
2022-11-14 20:37:44.000205,L,0.08469915390014648,-4.0,10,25.0,26.296836984739905,0.05747946680355082,0,318.5741601780586,-20.817152388666035,0.001242861725491695,15.0,0.0,True
2022-11-14 20:37:44.084862,L,0.0836181640625,-4.0,10,25.0,26.661969911156447,0.006340721546914697,0,314.5281909454305,20.083588504767647,0.0012179565794069784,15.0,0.0,True
2022-11-14 20:37:44.170675,L,0.08517956733703613,-4.0,10,25.0,26.788106684406383,-0.0012322110985252199,0,312.99851298723996,26.13985670643768,0.0012179565794069784,15.0,0.0,True
2022-11-14 20:37:44.270765,L,0.0852670669555664,-4.0,10,25.0,25.553991636425657,0.003421760561119209,0,329.30885497502453,22.406491607884547,0.0012179565794069784,15.0,0.0,True
2022-11-14 20:37:44.335926,L,0.08429145812988281,-4.0,10,25.0,24.930880894823662,0.0563755267081774,0,336.0897172018603,-20.104816981180026,0.0012179565794069784,15.0,0.0,True
2022-11-14 20:37:44.417387,L,0.08425331115722656,-4.0,10,25.0,25.973588989865277,0.05765721908568595,0,321.43634323321254,-21.269775133365474,0.0012179565794069784,15.0,0.0,True
2022-11-14 20:37:44.500524,L,0.0847768783569336,-4.0,10,25.0,26.559819251675346,0.05530205535430929,0,314.6831961441696,-19.525864285854336,0.0015333735135045431,15.0,0.0,True
2022-11-14 20:37:44.584826,L,0.08400774002075195,-4.0,10,25.0,26.065820846059207,0.005272362401127277,0,321.71163958214925,20.490280058957072,0.0015333735135045431,15.0,0.0,True
2022-11-14 20:37:44.680569,L,0.08531856536865234,-4.0,10,25.0,26.0787274410033,-0.001620712156102147,0,320.7695227972211,26.003740564735228,0.0015333735135045431,15.0,0.0,True
2022-11-14 20:37:44.769871,L,0.08827614784240723,-4.0,10,25.0,26.424937766282092,-0.0005590335455208763,0,315.98636027950647,25.1549499662215,0.0015333735135045431,15.0,0.0,True
2022-11-14 20:37:44.853977,L,0.0846397876739502,-4.0,10,25.0,26.43554073675928,0.004705642055672563,0,315.99577985148574,20.93075920727639,0.0015333735135045431,15.0,0.0,True
2022-11-14 20:37:44.941047,L,0.08609867095947266,-4.0,10,25.0,25.66393113450555,0.05800101624418259,0,326.04948730587245,-21.860922480851627,0.0015333735135045431,15.0,0.0,True
2022-11-14 20:37:45.029306,L,0.0869753360748291,-4.0,10,25.0,25.419137617806502,0.05919831890644677,0,328.29935965041466,-22.967176046663358,0.0015333735135045431,15.0,0.0,True
2022-11-14 20:37:45.114400,L,0.08568835258483887,-4.0,10,20.0,25.807432054272308,0.05931494651472753,0,256.0748701558838,-23.21283208545399,0.0015333735135045431,15.0,0.0,True
2022-11-14 20:37:45.204463,L,0.08524394035339355,-4.0,10,20.0,26.00372283427252,0.05572031452989889,0,258.75379536940966,-20.479185774281827,0.0015333735135045431,15.0,0.0,True
2022-11-14 20:37:45.286536,L,0.08451652526855469,-4.0,10,20.0,23.22240418288078,0.0022684357659688453,0,295.1060536441225,22.282468369202345,0.0015333735135045431,15.0,0.0,True
2022-11-14 20:37:45.368611,L,0.08235788345336914,-4.0,10,20.0,20.30189441494128,0.0011195567785579567,0,330.3577067793661,23.192620498405898,0.0015333735135045431,15.0,0.0,True
2022-11-14 20:37:45.454689,L,0.0859229564666748,-4.0,10,20.0,21.38784889952203,0.004697603071432327,0,312.27776631112596,20.31751858246694,0.0015333735135045431,15.0,0.0,True
2022-11-14 20:37:45.542050,L,0.08669853210449219,-4.0,10,20.0,23.827323747586455,0.05747894816145555,0,280.7905473311642,-22.06272919438482,0.0015333735135045431,15.0,0.0,True
2022-11-14 20:37:45.628127,L,0.08620405197143555,-4.0,10,20.0,25.413979317626918,0.05739179958114214,0,261.79042950526554,-22.13533447397116,0.0015333735135045431,15.0,0.0,True
2022-11-14 20:37:45.715188,L,0.08626699447631836,-4.0,10,20.0,24.005760280471033,0.009342736218625601,0,281.47090542745315,16.285296821696683,0.0015333735135045431,15.0,0.0,True
2022-11-14 20:37:45.802267,L,0.08708786964416504,-4.0,10,20.0,23.20595800639651,-0.0015681756663610755,0,289.79612192252307,25.013806456006822,0.002124318067019712,15.0,0.0,True
2022-11-14 20:37:45.887571,L,0.08410167694091797,-4.0,10,20.0,23.484838732100854,-0.0033936894992534295,0,284.61340677564766,26.481744169577752,0.002187186070157474,15.0,0.0,True
2022-11-14 20:37:45.974014,L,0.08658623695373535,-4.0,10,20.0,23.44479047449012,0.004924910199278007,0,284.8752949130608,19.812893737153026,0.002187186070157474,15.0,0.0,True
2022-11-14 20:37:46.059278,L,0.08359551429748535,-4.0,10,20.0,23.589637611500144,0.007882340325477246,0,282.31745018968934,17.427788738843255,0.002187186070157474,15.0,0.0,True
2022-11-14 20:37:46.143567,L,0.08519268035888672,-4.0,10,20.0,23.106729049164663,0.0550490261519727,0,288.3231259962465,-20.451435838091413,0.002187186070157474,15.0,0.0,True
2022-11-14 20:37:46.231148,L,0.08614945411682129,-4.0,10,20.0,23.3158238685905,0.05628401489019758,0,284.43312082806807,-21.579498826000904,0.002187186070157474,15.0,0.0,True
2022-11-14 20:37:46.302240,L,0.08437466621398926,-4.0,10,20.0,23.48042162359945,0.05358169281327537,0,281.9182610671049,-19.552805657160867,0.002187186070157474,15.0,0.0,True
2022-11-14 20:37:46.401201,L,0.0852346420288086,-4.0,10,20.0,23.735690743977376,-0.002801524199178025,0,278.1138008163884,25.567226342508626,0.002187186070157474,15.0,0.0,True
2022-11-14 20:37:46.484337,L,0.08392524719238281,-4.0,10,20.0,21.453981119987194,-0.0032171302815985885,0,308.26849515366473,25.901245624237745,0.002187186070157474,15.0,0.0,True
2022-11-14 20:37:46.568086,L,0.09098982810974121,-4.0,10,20.0,20.67988317698971,0.05194806050169519,0,315.56595731214037,-18.378821662821387,0.002187186070157474,15.0,0.0,True
2022-11-14 20:37:46.666033,L,0.08979368209838867,-4.0,10,20.0,21.911812676334762,-0.00023299134864875813,0,298.21675808920315,23.37852145496144,0.002187186070157474,15.0,0.0,True
2022-11-14 20:37:46.751854,L,0.08584809303283691,-4.0,10,20.0,23.357929213171452,0.00023420882215479627,0,279.9742653616643,22.998292488761056,0.002187186070157474,15.0,0.0,True
2022-11-14 20:37:46.835114,L,0.08555173873901367,-4.0,10,20.0,24.3549823449304,0.05537974982808858,0,267.78354268836193,-21.266666781197145,0.002187186070157474,15.0,0.0,True
2022-11-14 20:37:46.933529,L,0.0853874683380127,-4.0,10,20.0,21.79740282105044,0.055724015234992826,0,302.32824771778417,-21.67841753206266,0.002187186070157474,15.0,0.0,True
2022-11-14 20:37:47.001793,L,0.08541250228881836,-4.0,10,20.0,21.233499178870073,0.050531945399960636,0,306.54932765691,-17.65359526136133,0.002187186070157474,15.0,0.0,True
2022-11-14 20:37:47.101015,L,0.08573293685913086,-4.0,10,20.0,23.415681464135325,-0.05019405285376063,0,276.5719298871775,63.0674427767822,0.002187186070157474,15.0,0.0,True
2022-11-14 20:37:47.184204,L,0.0855705738067627,-4.0,10,20.0,24.99466794582341,-0.0028476389228892117,0,257.46937967674137,25.18034001984577,0.002187186070157474,15.0,0.0,True
2022-11-14 20:37:47.270922,L,0.0872046947479248,-4.0,10,20.0,25.293894264562958,0.05559070935553848,0,254.45747271520392,-21.716939987579494,0.0011683844968617,15.0,0.0,True
2022-11-14 20:37:47.351054,L,0.08623719215393066,-4.0,10,20.0,21.546947320052052,0.05922421630456995,0,303.84208975782593,-24.770685504533507,0.0011683844968617,15.0,0.0,True
2022-11-14 20:37:47.434155,L,0.08541989326477051,-4.0,10,20.0,19.841132435368287,0.05679742024277677,0,321.9910538910278,-22.974092101631314,0.0011683844968617,15.0,0.0,True
2022-11-14 20:37:47.516609,L,0.08476877212524414,-4.0,10,20.0,22.560857811233586,0.008479351079505497,0,283.71480687316017,15.664215586177388,0.0011683844968617,15.0,0.0,True
2022-11-14 20:37:47.614657,L,0.08386611938476562,-4.0,10,20.0,24.238150175712242,0.007622346331682047,0,264.0848647072526,16.325043888902975,0.0011683844968617,15.0,0.0,True
2022-11-14 20:37:47.699724,L,0.085418701171875,-4.0,10,20.0,23.49953632825568,0.05587480008648353,0,275.21504143680886,-22.425852820936463,0.0011683844968617,15.0,0.0,True
2022-11-14 20:37:47.786802,L,0.08527231216430664,-4.0,10,20.0,21.0267325964503,0.05709263902087869,0,306.7487749999818,-23.54067049297962,0.0011683844968617,15.0,0.0,True
2022-11-14 20:37:47.900995,L,0.08736634254455566,-4.0,10,20.0,20.936902197018085,0.05573382985745354,0,304.86596216854906,-22.59940264068092,0.0011683844968617,15.0,0.0,True
2022-11-14 20:37:47.960657,L,0.08755636215209961,-4.0,10,20.0,22.257045645264782,0.05301090484099694,0,287.01841884468826,-20.56015042592484,0.0011683844968617,15.0,0.0,True
2022-11-14 20:37:48.034857,L,0.08649230003356934,-4.0,10,20.0,23.667214175133346,-0.0019235312531696391,0,269.3393912999977,23.398429944807585,0.0017956548111844927,15.0,0.0,True
2022-11-14 20:37:48.152819,L,0.0864410400390625,-4.0,10,20.0,24.56294034888168,-0.05391179555871168,0,258.39599646517416,65.128510075779,0.0017956548111844927,15.0,0.0,True
2022-11-14 20:37:48.218761,L,0.08770465850830078,-4.0,10,20.0,23.043563936094728,-0.0005346447219698919,0,278.86325007946175,22.41609581703675,0.0017956548111844927,15.0,0.0,True
2022-11-14 20:37:48.301738,L,0.08731532096862793,-4.0,10,20.0,21.060854666302017,0.0066616931660931815,0,303.0088714809191,16.64683730304399,0.0017956548111844927,15.0,0.0,True
2022-11-14 20:37:48.383553,L,0.08594250679016113,-4.0,10,20.0,20.38984736021135,0.05479512727052615,0,309.5039671212237,-22.00596337541149,0.0017956548111844927,15.0,0.0,True
2022-11-14 20:37:48.483637,L,0.08766317367553711,-4.0,10,20.0,21.948896523392072,0.05703528263392484,0,287.8944673039131,-23.94273936883317,0.0017956548111844927,15.0,0.0,True
2022-11-14 20:37:48.567410,L,0.08795285224914551,-4.0,10,20.0,23.02457668129724,0.05507916018180696,0,275.00969998111526,-22.522694537250736,0.0017956548111844927,15.0,0.0,True
2022-11-14 20:37:48.649859,L,0.08856916427612305,-4.0,10,20.0,22.99910678095664,0.004680587514221172,0,276.0358581697348,17.789194826184374,0.0017956548111844927,15.0,0.0,True
2022-11-14 20:37:48.751935,L,0.08786225318908691,-4.0,10,20.0,22.761906583448827,-0.0004869372998805866,0,278.63813705609795,21.919396012161027,0.0017956548111844927,15.0,0.0,True
2022-11-14 20:37:48.834619,L,0.08671879768371582,-4.0,10,20.0,21.973514016788812,0.005238218215530675,0,288.3957349432186,17.324395703165735,0.0017956548111844927,15.0,0.0,True
2022-11-14 20:37:48.916827,L,0.0865790843963623,-4.0,10,20.0,21.82750990340559,0.05586892613390756,0,289.09083586419507,-23.33047076236723,0.0017956548111844927,15.0,0.0,True
2022-11-14 20:37:49.000190,L,0.08608531951904297,-4.0,10,20.0,21.843989283512244,0.05601235489749157,0,288.3878227083445,-23.584037764063705,0.0017956548111844927,15.0,0.0,True
2022-11-14 20:37:49.084417,L,0.08502602577209473,-4.0,10,20.0,22.02999027073212,0.05575083686439138,0,285.6109922194412,-23.51698408170123,0.0017956548111844927,15.0,0.0,True
2022-11-14 20:37:49.169301,L,0.08329367637634277,-4.0,10,20.0,22.17221320279517,0.054497915370717166,0,283.59046272301515,-22.65070717379135,0.0017956548111844927,15.0,0.0,True
2022-11-14 20:37:49.289275,L,0.08696317672729492,-4.0,10,20.0,21.32899537329852,0.0013629491231700677,0,294.6183044290653,19.859669664021233,0.0017956548111844927,15.0,0.0,True
2022-11-14 20:37:49.357319,L,0.0867910385131836,-4.0,10,20.0,21.8277392402737,0.0023244525412103273,0,286.7718399186949,19.078193842865787,0.0017956548111844927,15.0,0.0,True
2022-11-14 20:37:49.442165,L,0.08432435989379883,-4.0,10,20.0,22.45527320424098,0.054734241515376016,0,278.65781210051904,-22.994204709961977,0.0009827517745758163,15.0,0.0,True
2022-11-14 20:37:49.527529,L,0.0850837230682373,-4.0,10,20.0,22.892361893799606,0.05732963956536715,0,273.1510366047982,-25.21094750492111,0.0009827517745758163,15.0,0.0,True
2022-11-14 20:37:49.613606,L,0.08539056777954102,-4.0,10,20.0,21.521581605678385,0.0558025119704321,0,291.45956506208813,-24.131711793590405,0.0009827517745758163,15.0,0.0,True
2022-11-14 20:37:49.697683,L,0.08414244651794434,-4.0,10,20.0,20.987742874428893,0.052637308202243965,0,296.72854759799066,-21.732222403998644,0.0009827517745758163,15.0,0.0,True
2022-11-14 20:37:49.781775,L,0.08403730392456055,-4.0,10,20.0,21.78440734642969,-0.00300823099962755,0,285.2862248698246,22.798038422488755,0.0009827517745758163,15.0,0.0,True
2022-11-14 20:37:49.867610,L,0.08586525917053223,-4.0,10,20.0,22.598698335992086,-0.007040258841230815,0,275.06811047534444,26.035644153059874,0.0009827517745758163,15.0,0.0,True
2022-11-14 20:37:49.955208,L,0.08479785919189453,-4.0,10,20.0,20.902188614752635,-0.0033045662390348163,0,298.2222071941611,23.054586558515357,0.0035828298128403025,15.0,0.0,True
2022-11-14 20:37:50.081488,L,0.0880124568939209,-4.0,10,20.0,21.038110263995627,-0.0015312083527547415,0,294.25332798143313,21.640182263255518,0.0035828298128403025,15.0,0.0,True
2022-11-14 20:37:50.130532,L,0.08764934539794922,-4.0,10,20.0,20.777747562989312,0.002170870218296954,0,297.6928271881265,18.672590261442163,0.0035828298128403025,15.0,0.0,True
2022-11-14 20:37:50.215590,L,0.08418560028076172,-4.0,10,20.0,22.06177056778411,0.006597922901405102,0,280.11512919831733,15.11418111757681,0.0035828298128403025,15.0,0.0,True
2022-11-14 20:37:50.306883,L,0.08406901359558105,-4.0,10,20.0,22.613672554634586,0.0073813326345074015,0,273.92158957833504,14.469269772145868,0.0035828298128403025,15.0,0.0,True
2022-11-14 20:37:50.387938,L,0.08612418174743652,-4.0,10,20.0,22.228094154757038,0.007188756293146267,0,279.26893212533423,14.604872619441363,0.0035828298128403025,15.0,0.0,True
2022-11-14 20:37:50.466653,L,0.08501482009887695,-4.0,10,20.0,20.96855806126939,0.054269558270199414,0,295.25253001440944,-23.20374077682182,0.0035828298128403025,15.0,0.0,True
2022-11-14 20:37:50.550039,L,0.08629560470581055,-4.0,10,20.0,20.681559758178214,0.05616270751389574,0,297.42990538009775,-24.85833944323625,0.0035828298128403025,15.0,0.0,True
2022-11-14 20:37:50.633993,L,0.08555364608764648,-4.0,10,20.0,20.07828756887752,0.002478199854316298,0,305.0283393473139,18.08940044562752,0.0035828298128403025,15.0,0.0,True
2022-11-14 20:37:50.718479,L,0.08402180671691895,-4.0,10,20.0,21.506719377563527,-0.0010842648777679537,0,285.22875128601686,20.93625432835792,0.0035828298128403025,15.0,0.0,True
2022-11-14 20:37:50.812899,L,0.08373332023620605,-4.0,10,20.0,23.08221685759588,-0.001326827845408917,0,265.62511997982216,21.133242669134695,0.0035828298128403025,15.0,0.0,True
2022-11-14 20:37:50.898975,L,0.08528280258178711,-4.0,10,20.0,22.96909651478961,-0.0033887011121488905,0,268.4903455521095,22.791624020792216,0.0035828298128403025,15.0,0.0,True
2022-11-14 20:37:50.988038,L,0.08736920356750488,-4.0,10,20.0,21.303876372333004,-0.006605785298604312,0,290.01846632601223,25.382732084213426,0.0035828298128403025,15.0,0.0,True
2022-11-14 20:37:51.078384,L,0.0865166187286377,-4.0,10,20.0,20.6137385434026,-0.00202622206926672,0,297.0856592598142,21.723443012450385,0.0035828298128403025,15.0,0.0,True
2022-11-14 20:37:51.162475,L,0.08783936500549316,-4.0,10,20.0,20.43874932465313,-0.006479838916791247,0,298.5099720473558,25.304448384455856,0.0035828298128403025,15.0,0.0,True
2022-11-14 20:37:51.250686,L,0.08685636520385742,-4.0,10,20.0,21.67183122484736,-0.05931340000532851,0,281.8036764744348,67.73142549269328,0.0035828298128403025,15.0,0.0,True
2022-11-14 20:37:51.333619,L,0.0873112678527832,-4.0,10,20.0,22.64005570963561,-0.06404315628596725,0,270.0347146352016,71.67744003862661,0.0035828298128403025,15.0,0.0,True
2022-11-14 20:37:51.423940,L,0.08524107933044434,-4.0,10,20.0,22.303439035396465,-0.06486452339876897,0,275.1852532301749,72.49996203452781,0.00658324830720048,15.0,0.0,True
2022-11-14 20:37:51.516679,L,0.08275866508483887,-4.0,10,20.0,21.256557649962346,-0.06709065890127332,0,288.40992919173283,74.44761307073871,0.007725081756333134,15.0,0.0,True
2022-11-14 20:37:51.583887,L,0.08517813682556152,-4.0,10,20.0,20.532445064406534,-0.06903140323425397,0,296.5937094148913,76.1765663805537,0.007725081756333134,15.0,0.0,True
2022-11-14 20:37:51.666561,L,0.08531737327575684,-4.0,10,20.0,20.601045019121642,-0.07258450291778541,0,294.7374296343958,79.20501631266194,0.007725081756333134,15.0,0.0,True
2022-11-14 20:37:51.749488,L,0.0843813419342041,-4.0,10,20.0,22.51862033777048,-0.07516123026633863,0,269.10937124422895,81.45655326583908,0.007725081756333134,15.0,0.0,True
2022-11-14 20:37:51.848536,L,0.08508181571960449,-4.0,10,20.0,24.31772397133276,-0.07871703816991604,0,246.94336193114458,84.50223380588251,0.007725081756333134,15.0,0.0,True
2022-11-14 20:37:51.957964,L,0.08519697189331055,-4.0,10,20.0,22.117013087421,-0.08015891237392378,0,277.68880929883903,85.86036337923078,0.007725081756333134,15.0,0.0,True
2022-11-14 20:37:52.019045,L,0.08381390571594238,-4.0,10,20.0,20.010496215495444,-0.08166570848860819,0,302.89549272749923,87.27115246941972,0.007725081756333134,15.0,0.0,True
2022-11-14 20:37:52.099421,L,0.08405947685241699,-4.0,10,20.0,20.0026367312564,-0.08297170200522183,0,300.4853869382,88.5251596052718,0.007725081756333134,15.0,0.0,True
2022-11-14 20:37:52.183890,L,0.0880274772644043,-4.0,10,20.0,21.342638385705335,-0.07901049423670756,0,282.63738519454273,85.56424086286285,0.007725081756333134,15.0,0.0,True
2022-11-14 20:37:52.267221,L,0.08565711975097656,-4.0,10,20.0,22.348945202744552,-0.07773803394797982,0,270.50674132877515,84.7463385583364,0.007725081756333134,15.0,0.0,True
2022-11-14 20:37:52.349748,L,0.08452892303466797,-4.0,10,20.0,23.25140561764377,-0.0779772503027685,0,259.2347138054263,85.13562848456301,0.030955139012119805,15.0,0.0,False
2022-11-14 20:37:52.451018,L,0.08477997779846191,-4.0,10,20.0,21.40296566233355,-0.07891824360215566,0,284.42602041566533,86.0892264247436,0.030955139012119805,15.0,0.0,False
2022-11-14 20:37:52.533851,L,0.08572840690612793,-4.0,10,20.0,20.148812284360922,-0.08162587191764173,0,298.73300511140775,88.46546360152638,0.030955139012119805,15.0,0.0,False
2022-11-14 20:37:52.616415,L,0.09287738800048828,-4.0,10,20.0,18.824362092767714,-0.08304073998359075,0,314.80786990873486,89.82857276436185,0.030955139012119805,15.0,0.0,False
2022-11-14 20:37:52.715505,L,0.08609509468078613,-4.0,10,20.0,20.909051580259845,-0.08535857114201632,0,285.78766612954473,91.90342319940021,0.030955139012119805,15.0,0.0,False
2022-11-14 20:37:52.802700,L,0.08627653121948242,-4.0,10,20.0,23.172392254260803,-0.13534093205547096,0,257.8781960062049,132.24513837137184,0.030955139012119805,15.0,0.0,False
2022-11-14 20:37:52.926811,L,0.08481168746948242,9.2,10,20.0,22.558533836673273,-0.1404143680802994,0,268.1576558948566,136.65595550211563,0.043197375214505,15.0,0.0,False
2022-11-14 20:37:52.973853,L,0.0852663516998291,8.8,10,20.0,21.325477000434724,-0.14254999479904848,0,283.45063446742677,138.72875068210806,0.030955139012119805,15.0,0.0,False
2022-11-14 20:37:53.059147,L,0.08500361442565918,4.800000000000001,10,15.0,21.136209265106878,-0.1402973927500707,0,217.5730793941874,137.28392714117956,0.030955139012119805,15.0,0.0,False
2022-11-14 20:37:53.143223,L,0.08408713340759277,7.300000000000001,10,15.0,20.497603989945272,-0.137064801873668,0,230.73068812753544,135.04349659574035,0.030955139012119805,15.0,0.0,False
2022-11-14 20:37:53.228300,L,0.08382296562194824,12.2,10,15.0,18.165049029318872,-0.13458209031428592,0,260.21399933642067,133.39584769447487,0.030955139012119805,15.0,0.0,False
2022-11-14 20:37:53.313376,L,0.08351683616638184,15.5,10,15.0,17.815418502591033,-0.13806337347318945,0,261.57521488724325,136.52750572710318,0.030955139012119805,15.0,0.0,False
2022-11-14 20:37:53.397470,L,0.08549880981445312,17.2,10,15.0,18.681475320011444,-0.1388925791018642,0,249.12142872699602,137.54680488457373,0.030955139012119805,15.0,0.0,False
2022-11-14 20:37:53.482529,L,0.08513712882995605,15.5,10,15.0,19.762086191888,-0.13701447806637418,0,235.0869243868514,136.3939570526605,0.030955139012119805,15.0,0.0,False
2022-11-14 20:37:53.567605,L,0.08423352241516113,17.7,10,15.0,18.55962709431683,-0.1300168556375867,0,251.6135432877906,131.12380229771352,0.030955139012119805,15.0,0.0,False
2022-11-14 20:37:53.652682,L,0.08429121971130371,13.100000000000001,10,15.0,18.16429048223699,-0.0773761764500489,0,254.86562127674657,89.20150856078688,0.030955139012119805,15.0,0.0,False
2022-11-14 20:37:53.752773,L,0.0852363109588623,9.8,10,15.0,19.001447600357103,-0.07383923869307213,0,242.68642559737916,86.56660202420984,0.030955139012119805,15.0,0.0,False
2022-11-14 20:37:53.817863,L,0.08505916595458984,9.8,10,15.0,20.085461299277423,-0.07579638276604578,0,228.52086806610754,88.3263776443773,0.030955139012119805,15.0,0.0,False
2022-11-14 20:37:53.907595,L,0.08383297920227051,0.9000000000000004,10,15.0,20.195538532430803,-0.07660435648623866,0,227.47194406169106,89.16528205015348,0.043197375214505,15.0,0.0,False
2022-11-14 20:37:53.996121,L,0.08728241920471191,0.0,10,15.0,18.700751932573084,-0.07651597368229576,0,246.60725362607135,89.29482428066915,0.043197375214505,15.0,0.0,False
2022-11-14 20:37:54.084255,L,0.08800530433654785,0.7999999999999998,10,15.0,17.171689550384997,-0.07666454912731906,0,264.5986418492506,89.61611825464843,0.043197375214505,15.0,0.0,False
2022-11-14 20:37:54.169015,L,0.0842893123626709,-4.0,10,15.0,17.49185034040121,-0.0785832421848247,0,258.21933793532264,91.3499952733387,0.043197375214505,15.0,0.0,False
2022-11-14 20:37:54.250110,L,0.08373665809631348,-2.2,10,15.0,18.654211735182443,-0.0792891222717914,0,242.65073847227274,92.11373819237178,0.043197375214505,15.0,0.0,False
2022-11-14 20:37:54.333786,L,0.08355355262756348,-3.5,10,15.0,20.849245470292544,-0.07678686844380996,0,214.09390048070074,90.30402582293019,0.043197375214505,15.0,0.0,False
2022-11-14 20:37:54.417632,L,0.08402872085571289,-2.4,10,15.0,19.6510879743754,-0.07447723051256591,0,231.74312895367524,88.64408688645011,0.043197375214505,15.0,0.0,False
2022-11-14 20:37:54.515805,L,0.08368396759033203,-2.4,10,15.0,17.915938220001173,-0.06926425464240431,0,252.72445642037482,84.6472473464257,0.045265740972096895,15.0,0.0,False
2022-11-14 20:37:54.593891,L,0.08746910095214844,-1.2999999999999998,10,15.0,17.44614695861527,-0.06476116689676926,0,256.3976655589726,81.21482329690267,0.07160800844107733,15.0,0.0,False
2022-11-14 20:37:54.667896,L,0.08614492416381836,0.7000000000000002,10,15.0,18.534439328809015,-0.06206907085479975,0,240.9287878071885,79.22175683798089,0.07160800844107733,15.0,0.0,False
2022-11-14 20:37:54.766724,L,0.08653426170349121,4.5,10,15.0,19.24028528895096,-0.05830418077272334,0,232.17241989459123,76.36108148215813,0.07160800844107733,15.0,0.0,False
2022-11-14 20:37:54.865419,L,0.08556962013244629,6.699999999999999,10,15.0,18.683848629690697,0.002135242453872604,0,239.68516616847668,27.997433432347318,0.07160800844107733,15.0,0.0,False
2022-11-14 20:37:54.933531,L,0.08392071723937988,5.800000000000001,10,15.0,18.37141239927331,0.057939616546159686,0,242.59056391378095,-16.79152233384589,0.07160800844107733,15.0,0.0,False
2022-11-14 20:37:55.016900,L,0.08444380760192871,6.699999999999999,10,15.0,17.52040239607128,0.058656277969650304,0,253.01250252101914,-17.506881470530477,0.07160800844107733,15.0,0.0,False
2022-11-14 20:37:55.099068,L,0.08534765243530273,9.3,10,15.0,16.832664096982967,0.056176643241180164,0,260.75056045233003,-15.666634624541421,0.07160800844107733,15.0,0.0,False
2022-11-14 20:37:55.182562,L,0.08537983894348145,8.8,10,15.0,18.298906081760748,0.05571116819415622,0,240.06921198231353,-15.437188919252666,0.07160800844107733,15.0,0.0,False
2022-11-14 20:37:55.281362,L,0.08547687530517578,8.0,10,15.0,19.47896552492048,0.053551342515961914,0,225.47955924344515,-13.846452258111219,0.07160800844107733,15.0,0.0,False
2022-11-14 20:37:55.367010,L,0.08536529541015625,7.9,10,15.0,19.199894406954087,0.000847337521184866,0,229.8188360997964,28.320502999747273,0.07160800844107733,15.0,0.0,False
2022-11-14 20:37:55.450331,L,0.08539247512817383,8.4,10,15.0,18.348639223713377,-0.0034892042029832345,0,240.13196086318618,31.793008830991162,0.07160800844107733,15.0,0.0,False
2022-11-14 20:37:55.534167,L,0.08520340919494629,6.800000000000001,10,15.0,17.184996133070275,0.00027075593283215876,0,254.09218957233182,28.783399513747412,0.07160800844107733,15.0,0.0,False
2022-11-14 20:37:55.616184,L,0.0839238166809082,7.5,10,15.0,17.226736065553723,-8.202644804027966e-05,0,251.8020988733593,29.066315265867047,0.03209157754906331,15.0,0.0,False
2022-11-14 20:37:55.700031,L,0.08562898635864258,9.2,10,15.0,18.129904748979556,0.0026959202105102786,0,239.42304259538648,26.836666018928888,0.03209157754906331,15.0,0.0,False
2022-11-14 20:37:55.784131,L,0.08530879020690918,6.4,10,15.0,18.4850476397648,0.0044482245077878905,0,235.20516113796495,25.423557410951965,0.03209157754906331,15.0,0.0,False
2022-11-14 20:37:55.865730,L,0.08513379096984863,8.5,10,15.0,17.78885316502431,0.055871527261394736,0,244.31871151157506,-15.863616325220763,0.03209157754906331,15.0,0.0,False
2022-11-14 20:37:55.966397,L,0.08440709114074707,10.2,10,15.0,17.525436279674228,0.0583991239879671,0,246.5476986178288,-18.02783187219992,0.03209157754906331,15.0,0.0,False
2022-11-14 20:37:56.049836,L,0.08539962768554688,10.2,10,15.0,17.51207455422066,0.058886837971850056,0,245.98254588267133,-18.568628136946696,0.03209157754906331,15.0,0.0,False
2022-11-14 20:37:56.134192,L,0.08520030975341797,11.2,10,15.0,17.372312158314614,0.056340369192788994,0,247.40384482974954,-16.675103631063013,0.03209157754906331,15.0,0.0,False
2022-11-14 20:37:56.217590,L,0.08410334587097168,9.5,10,15.0,17.821728521926104,0.05480660450949028,0,240.83781302175572,-15.586490962435226,0.0165009397402598,15.0,0.0,False
2022-11-14 20:37:56.318013,L,0.0856316089630127,8.3,10,15.0,18.109075335189843,0.0033606205425896025,0,237.05598144767566,25.567488410477903,0.013011206387405737,15.0,0.0,False
2022-11-14 20:37:56.399085,L,0.09171247482299805,9.7,10,15.0,18.348046348447923,-0.05304880404580536,0,233.6492102348554,70.84112804973077,0.013011206387405737,15.0,0.0,False
2022-11-14 20:37:56.484162,L,0.08539581298828125,9.8,10,15.0,20.741574101107055,-0.05817016723774897,0,201.40396674108982,75.08169230385903,0.013011206387405737,15.0,0.0,False
2022-11-14 20:37:56.569255,L,0.08521413803100586,9.8,10,15.0,20.122035648634437,-0.00477184105639955,0,211.4953887543787,32.36836411847016,0.013011206387405737,15.0,0.0,False
2022-11-14 20:37:56.649519,L,0.08526158332824707,7.9,10,15.0,16.73251682149219,0.004893635235746967,0,255.1225782636886,24.628598655260134,0.013011206387405737,15.0,0.0,False
2022-11-14 20:37:56.750040,L,0.08516502380371094,7.699999999999999,10,15.0,15.357770155861886,0.05800363006009727,0,269.19737933126333,-18.012696121599056,0.013011206387405737,15.0,0.0,False
2022-11-14 20:37:56.817413,L,0.08543682098388672,9.3,10,15.0,17.17412359569934,0.058731348378666184,0,243.28946160945264,-18.739254416059847,0.013011206387405737,15.0,0.0,False
2022-11-14 20:37:56.899594,L,0.0855100154876709,10.5,10,15.0,19.974393527300045,0.05786340750325249,0,207.68667653046424,-18.193152064025938,0.013011206387405737,15.0,0.0,False
2022-11-14 20:37:56.999982,L,0.08724164962768555,9.6,10,15.0,20.224924739188268,0.008003453687525584,0,206.75625650846706,21.67947760668364,0.013011206387405737,15.0,0.0,False
2022-11-14 20:37:57.085063,L,0.08667659759521484,9.0,10,15.0,17.839460429786662,0.006688581468424362,0,237.9289114141214,22.708419621211103,0.013011206387405737,15.0,0.0,False
2022-11-14 20:37:57.199193,L,0.08690977096557617,9.9,10,15.0,15.731158373410747,0.05766596724000514,0,262.7751546050331,-18.2298583277399,0.013011206387405737,15.0,0.0,False
2022-11-14 20:37:57.261406,L,0.08640623092651367,7.9,10,15.0,16.494771395900756,0.06006388067924096,0,250.04388399023588,-20.298297848838168,0.013011206387405737,15.0,0.0,False
2022-11-14 20:37:57.333805,L,0.08498334884643555,8.3,10,15.0,18.440073538006427,0.06006821523306703,0,224.7102688122434,-20.454632428374495,0.004536480347737449,15.0,0.0,True
2022-11-14 20:37:57.432156,L,0.08546185493469238,8.7,10,15.0,19.347771788239424,0.06170612249091863,0,214.30168246361254,-21.92335496888027,0.004536480347737449,15.0,0.0,True
2022-11-14 20:37:57.527667,L,0.09373068809509277,8.4,10,15.0,17.868104457328986,0.008103609282883697,0,234.16077786573635,20.94177932436953,0.004536480347737449,15.0,0.0,True
2022-11-14 20:37:57.600223,L,0.0856940746307373,6.5,10,15.0,17.20007884823952,0.005889573362749441,0,241.00092774859476,22.69240659996923,0.004536480347737449,15.0,0.0,True
2022-11-14 20:37:57.700084,L,0.09548425674438477,9.3,10,15.0,16.706205352156182,0.007819838802467574,0,246.33926146505843,21.125333582844096,0.004536480347737449,15.0,0.0,True
2022-11-14 20:37:57.782580,L,0.08674049377441406,7.300000000000001,10,15.0,17.145508901623117,0.009013500028767173,0,239.67172629582464,20.147014080955785,0.004536480347737449,15.0,0.0,True
2022-11-14 20:37:57.883396,L,0.0856177806854248,8.0,10,15.0,18.41277626960806,0.057880202206303286,0,222.90644142481042,-19.10058482324235,0.004536480347737449,15.0,0.0,True
2022-11-14 20:37:57.967228,L,0.08559036254882812,9.3,10,15.0,18.321190716017878,0.05891541552980217,0,225.0240938288982,-20.074446643712893,0.0010234403268894435,15.0,0.0,True
2022-11-14 20:37:58.054984,L,0.08560776710510254,8.9,10,15.0,17.444040039270924,0.058213296755095054,0,236.0490555761795,-19.66205396894535,0.004536480347737449,15.0,0.0,True
2022-11-14 20:37:58.140060,L,0.08497309684753418,9.3,10,15.0,16.71116022440601,0.009059422065648552,0,244.39067695374976,19.643654192045236,0.004536480347737449,15.0,0.0,True
2022-11-14 20:37:58.225119,L,0.0839080810546875,7.199999999999999,10,15.0,16.666818550191554,0.007219325548659216,0,243.8334189572718,21.091993272450207,0.004536480347737449,15.0,0.0,True
2022-11-14 20:37:58.310213,L,0.08537578582763672,7.0,10,15.0,17.176402195611196,0.007610480754541145,0,236.6970741851081,20.759311469706223,0.004536480347737449,15.0,0.0,True
2022-11-14 20:37:58.417291,L,0.08570981025695801,8.5,10,15.0,17.68276518232992,0.059479251174038884,0,230.16692348679533,-20.894649382683692,0.004536480347737449,15.0,0.0,True
2022-11-14 20:37:58.481981,L,0.085418701171875,8.2,10,15.0,18.03453341551605,0.05924758558921997,0,225.60626413223125,-20.855063675379046,0.004536480347737449,15.0,0.0,True
2022-11-14 20:37:58.568444,L,0.08575034141540527,10.9,10,15.0,17.722665937876034,0.007490989112013496,0,229.65724361520034,20.536951469650568,0.004536480347737449,15.0,0.0,True
2022-11-14 20:37:58.649171,L,0.08500790596008301,8.1,10,15.0,17.58891148797212,0.0015162386427050728,0,230.61579226363486,25.30755219272617,0.004536480347737449,15.0,0.0,True
2022-11-14 20:37:58.733008,L,0.08389544486999512,8.6,10,15.0,17.743941401258606,-0.001355706585442784,0,227.95289196474747,27.60815998134405,0.004536480347737449,15.0,0.0,True
2022-11-14 20:37:58.823558,L,0.08408212661743164,8.1,10,15.0,17.326097109931876,0.004214910478184223,0,233.25759432128368,23.140029526060566,0.004536480347737449,15.0,0.0,True
2022-11-14 20:37:58.908786,L,0.08559370040893555,9.5,10,15.0,16.85777059355489,0.004032161212078579,0,238.60968846621097,23.27655898271883,0.004536480347737449,15.0,0.0,True
2022-11-14 20:37:58.994871,L,0.08534789085388184,7.6,10,15.0,16.98882348950299,0.0066203547694720505,0,235.99686783444213,21.188728534332164,0.004536480347737449,15.0,0.0,True
2022-11-14 20:37:59.080948,L,0.08569765090942383,11.1,10,15.0,16.875413894212812,0.06080838255747124,0,237.32223414216404,-22.324047673820452,0.0018426291722013492,15.0,0.0,True
2022-11-14 20:37:59.166024,L,0.08524131774902344,7.6,10,15.0,17.086584228990162,0.06303664212944136,0,234.0523945010363,-24.261793366960017,0.0018426291722013492,15.0,0.0,True
2022-11-14 20:37:59.249103,L,0.08488154411315918,7.4,10,15.0,17.57542573764643,0.0640059606312687,0,227.4209062932165,-25.200088702117064,0.0018426291722013492,15.0,0.0,True
2022-11-14 20:37:59.332276,L,0.08530330657958984,7.4,10,15.0,17.489479901871753,0.06289706560679834,0,228.70419806186354,-24.473688321660536,0.0018426291722013492,15.0,0.0,True
2022-11-14 20:37:59.415299,L,0.0839540958404541,7.4,10,15.0,16.55719914830233,0.05671415475044948,0,240.63981226736703,-19.66959473518464,0.0018426291722013492,15.0,0.0,True
2022-11-14 20:37:59.499045,L,0.08544063568115234,7.4,10,15.0,16.443351239203754,0.004393789212688034,0,240.78212856298148,22.18082258017433,0.0018426291722013492,15.0,0.0,True
2022-11-14 20:37:59.583800,L,0.08547163009643555,5.5,10,15.0,17.238652048106125,0.001245523371348749,0,229.79210328014153,24.690486293577806,0.0018426291722013492,15.0,0.0,True
2022-11-14 20:37:59.665614,L,0.08587932586669922,4.699999999999999,10,15.0,17.602128393361816,0.004010605438787148,0,225.49069340383338,22.46739748347924,0.0018426291722013492,15.0,0.0,True
2022-11-14 20:37:59.765959,L,0.08487939834594727,5.800000000000001,10,15.0,17.62866589090318,0.005716016884997486,0,225.1179801287289,21.08863421552895,0.0018426291722013492,15.0,0.0,True
2022-11-14 20:37:59.849026,L,0.08419251441955566,7.9,10,15.0,17.516498902364496,0.0538356591320341,0,226.20473499127394,-17.54857087561345,0.0014667070596225632,15.0,0.0,True
2022-11-14 20:37:59.933170,L,0.0855860710144043,7.9,10,15.0,17.29589476406211,0.0534929697665667,0,228.58352168885776,-17.406011506198702,0.0014667070596225632,15.0,0.0,True
2022-11-14 20:38:00.016053,L,0.08363032341003418,6.199999999999999,10,15.0,16.88597677947051,0.053414244548801934,0,233.41948547883015,-17.477073475218646,0.0014667070596225632,15.0,0.0,True
2022-11-14 20:38:00.099030,L,0.0874168872833252,6.9,10,15.0,17.47942782016066,0.054826703371582054,0,224.6955559412046,-18.75099491672411,0.0014667070596225632,15.0,0.0,True
2022-11-14 20:38:00.181985,L,0.0858151912689209,3.9000000000000004,10,15.0,17.99959155393561,-0.0006869717222706186,0,218.01150056892703,25.66834429393241,0.0014667070596225632,15.0,0.0,True
2022-11-14 20:38:00.279196,L,0.0845491886138916,4.800000000000001,10,15.0,17.042822776077088,-0.008137490218906616,0,230.8850440203905,31.643811862364817,0.0014667070596225632,15.0,0.0,True
2022-11-14 20:38:00.363672,L,0.08359265327453613,3.7,10,15.0,15.135915921686596,-0.0018726357098082726,0,254.89478064200867,26.634993757138567,0.0014667070596225632,15.0,0.0,True
2022-11-14 20:38:00.435184,L,0.08373546600341797,4.699999999999999,10,15.0,14.807450591688658,0.0031379100012760178,0,256.979686983606,22.61882562999868,0.0014667070596225632,15.0,0.0,True
2022-11-14 20:38:00.596505,L,0.08382225036621094,3.8,10,15.0,16.345485869292517,0.0031113403418278184,0,236.0705577616449,22.632858918803564,0.0014667070596225632,15.0,0.0,True
2022-11-14 20:38:00.619373,L,0.08339715003967285,5.300000000000001,10,15.0,18.126773136649405,0.005464098089492109,0,213.8725506769688,20.736696729777975,0.0014667070596225632,15.0,0.0,True
2022-11-14 20:38:00.732074,L,0.08955264091491699,5.1,10,15.0,17.57559721025833,0.006097224911365953,0,222.77674479095126,20.21402601052863,0.0014667070596225632,15.0,0.0,True
2022-11-14 20:38:00.865143,L,0.08467578887939453,5.1,10,15.0,16.96338690214641,0.005970550174088212,0,229.89829394039253,20.300284627785416,0.0014667070596225632,15.0,0.0,True
2022-11-14 20:38:00.877851,L,0.08397722244262695,6.699999999999999,10,15.0,16.057124079616283,0.05643364037521038,0,240.95207092387855,-20.2183858443998,0.00023270848240598653,15.0,0.0,True
2022-11-14 20:38:00.999719,L,0.08603620529174805,8.0,10,15.0,16.202331762946947,0.05758026598548359,0,237.75473856499076,-21.27843009243843,0.00023270848240598653,15.0,0.0,True
2022-11-14 20:38:01.049750,L,0.08821606636047363,5.1,10,15.0,16.422056603043686,0.053527100824993866,0,234.7868433323061,-18.176963741106807,0.00023270848240598653,15.0,0.0,True
2022-11-14 20:38:01.132263,L,0.08717608451843262,3.8,10,15.0,16.74306958931654,-5.653183227410406e-05,0,230.51162014525315,24.69577737034881,0.00023270848240598653,15.0,0.0,True
2022-11-14 20:38:01.280022,L,0.08658123016357422,2.0,10,15.0,17.133461473697988,-0.0038710954860368915,0,225.37482057481787,27.751777198151043,0.00023270848240598653,15.0,0.0,True
2022-11-14 20:38:01.416176,L,0.08472251892089844,5.0,10,15.0,16.992412389494064,-0.0011729415007593548,0,227.34718544530617,25.595476200882,0.00023270848240598653,15.0,0.0,True
2022-11-14 20:38:01.416176,L,0.08484125137329102,2.0999999999999996,10,15.0,16.47526917367694,0.05242018588951995,0,233.74563527069543,-17.41844593825987,0.00023270848240598653,15.0,0.0,True
2022-11-14 20:38:01.558629,L,0.08890342712402344,3.3,10,15.0,16.159973528680396,0.0555081894069442,0,237.0680391792314,-20.030925272542103,0.00023270848240598653,15.0,0.0,True
2022-11-14 20:38:01.574644,L,0.08832216262817383,3.3,10,15.0,16.128366854258083,0.052081710013501877,0,236.92913574117208,-17.42700553966701,0.0020404547680071376,15.0,0.0,True
2022-11-14 20:38:01.727781,L,0.08600354194641113,4.800000000000001,10,15.0,16.90503425080557,-0.00015761328631961724,0,226.3425974992638,24.370545896582918,0.0020404547680071376,15.0,0.0,True
2022-11-14 20:38:01.776827,L,0.08844470977783203,3.9000000000000004,10,15.0,17.834782292949154,-0.0022654429262673704,0,214.5360229229199,26.056984833782213,0.0020404547680071376,15.0,0.0,True
2022-11-14 20:38:01.842886,L,0.08776426315307617,3.9000000000000004,10,15.0,17.67285670756325,0.003807552856693181,0,217.24568744804708,21.187632906738383,0.0020404547680071376,15.0,0.0,True
2022-11-14 20:38:01.998299,L,0.08534574508666992,3.0999999999999996,10,15.0,16.465007145309954,0.0028878965435269505,0,232.7205602083527,21.91676359017224,0.0020404547680071376,15.0,0.0,True
2022-11-14 20:38:02.013303,L,0.08704161643981934,3.0999999999999996,10,15.0,16.12686909595968,0.005743903394862264,0,235.55528352278878,19.616523473774556,0.0020404547680071376,15.0,0.0,True
2022-11-14 20:38:02.153429,L,0.08699250221252441,3.8,10,15.0,16.24190494736986,0.056414619367364034,0,233.43806535935343,-21.07277537374714,0.0020404547680071376,15.0,0.0,True
2022-11-14 20:38:02.189478,L,0.0879206657409668,5.699999999999999,10,15.0,16.67612454575753,0.056503476180830285,0,227.57105811550457,-21.287080906061657,0.0020404547680071376,15.0,0.0,True
2022-11-14 20:38:02.314294,L,0.08833026885986328,6.4,10,15.0,17.224257534472798,0.003068391967707445,0,220.4738508831464,21.458915078974307,0.0020404547680071376,15.0,0.0,True
2022-11-14 20:38:02.501110,L,0.08471274375915527,3.9000000000000004,10,15.0,17.143181517170582,0.0009580979952997272,0,221.79990994745776,23.13891501066436,0.0020404547680071376,15.0,0.0,True
2022-11-14 20:38:02.503851,L,0.08500838279724121,7.6,10,15.0,16.265285940033646,0.0014092061788267855,0,233.05654653826454,22.774132455627903,0.0020404547680071376,15.0,0.0,True
2022-11-14 20:38:02.532377,L,0.08268547058105469,5.300000000000001,10,15.0,16.29039807495453,0.002970124498080838,0,231.47871942247366,21.517894504464206,0.0020404547680071376,15.0,0.0,True
2022-11-14 20:38:02.663357,L,0.08629012107849121,5.300000000000001,10,15.0,16.862745240341784,-0.0008665179539373628,0,223.6561687113684,24.590085023362423,0.0020404547680071376,15.0,0.0,True
2022-11-14 20:38:02.702380,L,0.08443951606750488,5.300000000000001,10,15.0,16.458280970369934,-0.00567679839973343,0,229.40574804974435,28.45281481372605,0.0036378938431544795,15.0,0.0,True
2022-11-14 20:38:02.832596,L,0.08380436897277832,9.0,10,15.0,15.681713930511313,-0.05900605097008035,0,239.05793518217092,71.27035968515007,0.0036378938431544795,15.0,0.0,True
2022-11-14 20:38:02.871306,L,0.08391189575195312,9.6,10,15.0,15.89804703654847,-0.060368822105281224,0,235.12677176554772,72.50634532667083,0.0036378938431544795,15.0,0.0,True
2022-11-14 20:38:02.996281,L,0.08402371406555176,14.0,10,15.0,16.595079668135703,-0.05909012832978873,0,225.9225744122837,71.63202488019735,0.0036378938431544795,15.0,0.0,True
2022-11-14 20:38:03.164068,L,0.0923302173614502,19.0,10,15.0,16.87521291842029,-0.05805217009299169,0,222.7408606820379,70.96249713969294,0.0036378938431544795,15.0,0.0,True
2022-11-14 20:38:03.164068,L,0.09677362442016602,19.0,10,15.0,16.936138608682963,-0.056543420903569896,0,221.87546483176766,69.91961165453756,0.0036378938431544795,15.0,0.0,True
2022-11-14 20:38:03.342448,L,0.08890676498413086,19.0,10,15.0,16.96504807956692,-0.005834381615026589,0,221.20957934697327,29.36239398866758,0.0036378938431544795,15.0,0.0,True
2022-11-14 20:38:03.343448,L,0.0850374698638916,19.0,10,15.0,15.608462570126674,0.0008870398539745108,0,239.0129175587724,23.987907077570373,0.0036378938431544795,15.0,0.0,True
2022-11-14 20:38:03.507595,L,0.08934164047241211,19.0,10,15.0,15.021863273134315,0.0018890747409438286,0,245.10950275179172,23.1818942262884,0.016252677045583808,15.0,0.0,False
2022-11-14 20:38:03.508596,L,0.08681774139404297,19.0,10,15.0,15.657865533952638,-0.004348889004046574,0,235.97409510847734,28.184422714120654,0.01761857488208448,15.0,0.0,False
2022-11-14 20:38:03.675907,L,0.08522224426269531,19.0,10,15.0,17.041810476335023,-0.010236283717128732,0,218.127387677992,32.92048157257253,0.01761857488208448,15.0,0.0,False
2022-11-14 20:38:03.675907,L,0.08554744720458984,19.0,10,15.0,18.3354811456648,-0.0604934422881407,0,202.14435447801253,73.28664415789616,0.01761857488208448,15.0,0.0,False
2022-11-14 20:38:03.844059,L,0.08573675155639648,19.0,10,10.0,16.54568421163812,-0.06428462715685601,0,160.2674766675519,76.47950612498599,0.01761857488208448,15.0,0.0,False
2022-11-14 20:38:03.852066,L,0.08487820625305176,19.0,10,10.0,16.100142272836088,-0.06431041620122377,0,168.8476163269461,76.66345479295244,0.01761857488208448,15.0,0.0,False
2022-11-14 20:38:04.018217,L,0.08535528182983398,19.0,10,10.0,13.400599793391754,-0.062352203202604435,0,203.29940151139124,75.25631463293313,0.01761857488208448,15.0,0.0,False
2022-11-14 20:38:04.019216,L,0.08495807647705078,19.0,10,10.0,11.235908199207683,-0.06362858319836885,0,228.45093969899742,76.43997114619836,0.01761857488208448,15.0,0.0,False
2022-11-14 20:38:04.101291,L,0.08633708953857422,19.0,10,10.0,12.783992857131777,-0.06972331598587395,0,205.0521771944516,81.49690430789795,0.01761857488208448,15.0,0.0,False
2022-11-14 20:38:04.184365,L,0.08117318153381348,19.0,10,10.0,15.277222031848911,-0.07366362547156943,0,172.9982658111453,84.82831671896012,0.01761857488208448,15.0,0.0,False
2022-11-14 20:38:04.259433,L,0.07674431800842285,19.0,10,10.0,15.811576589736058,-0.07482071028465188,0,168.0692148903472,85.92591185222352,0.01761857488208448,15.0,0.0,False
2022-11-14 20:38:04.342508,L,0.0769500732421875,19.0,10,10.0,14.084380322463279,-0.07558197987699765,0,191.10782976362975,86.70935685164885,0.01761857488208448,15.0,0.0,False
2022-11-14 20:38:04.414574,L,0.07695341110229492,19.0,10,10.0,12.50837434431131,-0.07504768346982746,0,209.43727831987096,86.45500662158221,0.01761857488208448,15.0,0.0,False
2022-11-14 20:38:04.482667,L,0.07676577568054199,19.0,10,10.0,11.786269641090088,-0.07401583480684638,0,216.72094553940124,85.79991919630423,0.01761857488208448,15.0,0.0,False
2022-11-14 20:38:04.567865,L,0.07701921463012695,19.0,10,10.0,12.773890406695006,-0.0732192026835263,0,202.2192465627395,85.33182304453143,0.01761857488208448,15.0,0.0,False
2022-11-14 20:38:04.645953,L,0.07769417762756348,19.0,10,10.0,14.054992469747535,-0.07167392960816084,0,185.8493240166262,84.26256853594549,0.01761857488208448,15.0,0.0,False
2022-11-14 20:38:04.716254,L,0.07689309120178223,19.0,10,10.0,13.941546693732056,-0.07032196558063654,0,188.40095849377118,83.34323858119764,0.03800901313600875,15.0,0.0,False
2022-11-14 20:38:04.802108,L,0.07670116424560547,19.0,10,10.0,13.050991061839834,-0.06993333807615311,0,199.6331317793119,83.19338078722865,0.03800901313600875,15.0,0.0,False
2022-11-14 20:38:04.881225,L,0.08226203918457031,19.0,10,10.0,13.1073034771476,-0.07012245320237291,0,197.21662977536306,83.51779902509669,0.03800901313600875,15.0,0.0,False
2022-11-14 20:38:04.976374,L,0.09239649772644043,19.0,10,10.0,13.251342469670455,-0.073654394257831,0,194.79989920915176,86.54787338144716,0.03800901313600875,15.0,0.0,False
2022-11-14 20:38:05.050096,L,0.08332061767578125,19.0,10,10.0,13.116390157233287,-0.07918756148603688,0,196.21786760635115,91.1726276822758,0.03800901313600875,15.0,0.0,False
2022-11-14 20:38:05.149073,L,0.08786439895629883,19.0,10,10.0,13.338215894697221,-0.08163487068141266,0,192.55490687292203,93.34527345508144,0.03800901313600875,15.0,0.0,False
2022-11-14 20:38:05.232183,L,0.08593034744262695,19.0,10,10.0,13.750509756010377,-0.08613276181890164,0,186.7354789894628,97.16587381157116,0.03800901313600875,15.0,0.0,False
2022-11-14 20:38:05.315625,L,0.0875556468963623,19.0,10,10.0,12.830688898768502,-0.08972740855080398,0,198.8079994648215,100.27716255722949,0.03800901313600875,15.0,0.0,False
2022-11-14 20:38:05.413943,L,0.09055638313293457,19.0,10,10.0,12.852634845830542,-0.14560042347641067,0,196.9532092246398,145.37688534382517,0.03800901313600875,15.0,0.0,False
2022-11-14 20:38:05.498593,L,0.0876474380493164,19.0,10,10.0,13.77023939491946,-0.1616796754553394,0,184.25835871971267,158.66107577490612,0.03800901313600875,15.0,0.0,False
2022-11-14 20:38:05.581999,L,0.08730125427246094,19.0,10,10.0,14.024683560510665,-0.1674853116334976,0,181.25778038395393,163.74306552494878,0.051676998112962814,15.0,0.0,False
2022-11-14 20:38:05.665470,L,0.08598089218139648,39.4,10,10.0,13.679547423604335,-0.159307487953916,0,185.4595381004157,157.61011244682135,0.03800901313600875,15.0,0.0,False
2022-11-14 20:38:05.765423,L,0.08679723739624023,34.0,10,10.0,12.324049054114141,-0.14996180391990405,0,202.48234995332052,150.52392772354372,0.03800901313600875,15.0,0.0,False
2022-11-14 20:38:05.848498,L,0.08366084098815918,37.2,10,10.0,11.888273271593633,-0.13633316731286435,0,206.35491033120113,139.96263855271036,0.03800901313600875,15.0,0.0,False
2022-11-14 20:38:05.933574,L,0.08391928672790527,37.2,10,10.0,13.548595202762456,-0.07920194369966652,0,183.33609739362095,94.45187793732792,0.03800901313600875,15.0,0.0,False
2022-11-14 20:38:06.020669,L,0.0867915153503418,37.5,10,10.0,14.39378436929199,-0.07574412024208527,0,173.43580034954604,91.88924705244726,0.03800901313600875,15.0,0.0,False
2022-11-14 20:38:06.132461,L,0.0865631103515625,37.5,10,10.0,13.570525324796076,-0.07353709819360792,0,184.62162342999247,90.3147408567049,0.03800901313600875,15.0,0.0,False
2022-11-14 20:38:06.194316,L,0.08574128150939941,12.3,10,10.0,12.24274402057632,-0.07306232242988654,0,200.7679473719456,90.12305354835578,0.03800901313600875,15.0,0.0,False
2022-11-14 20:38:06.283031,L,0.0864875316619873,4.1,10,10.0,12.3551753579055,-0.07324131696210526,0,197.33279709629971,90.45635906478117,0.03800901313600875,15.0,0.0,False
2022-11-14 20:38:06.366431,L,0.08716845512390137,4.1,10,10.0,13.409976002711733,-0.07412381203765304,0,183.0006303269034,91.35627341491089,0.03800901313600875,15.0,0.0,False
2022-11-14 20:38:06.448325,L,0.08585762977600098,4.1,10,10.0,14.164117120744352,-0.07394625147040683,0,173.56760359515465,91.40456853657432,0.03800901313600875,15.0,0.0,False
2022-11-14 20:38:06.531631,L,0.0851433277130127,4.1,10,10.0,13.536229038557764,-0.07249475148158514,0,182.1158987127113,90.42839208057266,0.03800901313600875,15.0,0.0,False
2022-11-14 20:38:06.630498,L,0.08695197105407715,-4.0,10,10.0,11.17531375803157,-0.07103721038678473,0,212.2202366800778,89.44766681981791,0.03800901313600875,15.0,0.0,False
2022-11-14 20:38:06.715186,L,0.09119367599487305,-4.0,10,10.0,11.156251481002904,-0.07120362900094954,0,209.54380676102372,89.77578720625165,0.03800901313600875,15.0,0.0,False
2022-11-14 20:38:06.799719,L,0.08931207656860352,-4.0,10,10.0,13.24458900471128,-0.07158375314487317,0,181.54504380302478,90.27170964306592,0.03800901313600875,15.0,0.0,False
2022-11-14 20:38:06.898642,L,0.08605289459228516,-4.0,10,10.0,14.262191816506757,-0.0729132459394227,0,169.75597805318066,91.52364769054557,0.03800901313600875,15.0,0.0,False
2022-11-14 20:38:06.982047,L,0.08460497856140137,-4.0,10,10.0,13.546220627645091,-0.07212412060257035,0,179.77636008371792,91.07516144248481,0.03800901313600875,15.0,0.0,False
2022-11-14 20:38:07.065364,L,0.08833003044128418,-4.0,10,10.0,12.091168057797054,-0.06980900334646888,0,197.66860412283336,89.40788575251526,0.051676998112962814,15.0,0.0,False
2022-11-14 20:38:07.148124,L,0.08805608749389648,-1.5,10,10.0,11.320327528036312,-0.06637577728872822,0,205.9142710148558,86.83652085161648,0.051676998112962814,15.0,0.0,False
2022-11-14 20:38:07.232295,L,0.08494329452514648,-1.5,10,10.0,11.958583914388614,-0.06208105620966332,0,196.29566889511887,83.55882936385082,0.051676998112962814,15.0,0.0,False
2022-11-14 20:38:07.337379,L,0.08510208129882812,4.0,10,10.0,13.561696281280115,-0.006181339204097469,0,175.3197438513574,38.848774154188874,0.051676998112962814,15.0,0.0,False
2022-11-14 20:38:07.417400,L,0.08486413955688477,1.4000000000000004,10,10.0,14.256995035907075,-0.0005584413289386503,0,167.3180705164462,34.35778357567023,0.051676998112962814,15.0,0.0,False
2022-11-14 20:38:07.498520,L,0.08627748489379883,-0.3999999999999999,10,10.0,12.569003382403976,-0.0009844569421247106,0,189.9064524534091,34.7018561140989,0.051676998112962814,15.0,0.0,False
2022-11-14 20:38:07.597487,L,0.0943901538848877,2.0999999999999996,10,10.0,11.033896067899697,-0.000869959152622579,0,207.80243532976064,34.61265984219783,0.051676998112962814,15.0,0.0,False
2022-11-14 20:38:07.682868,L,0.0952303409576416,3.7,10,10.0,11.251226925688071,0.0031706275100364546,0,203.10159688724144,31.370720148028276,0.051676998112962814,15.0,0.0,False
2022-11-14 20:38:07.782568,L,0.09713554382324219,4.800000000000001,10,10.0,13.674550664334546,0.05945920214786563,0,171.04128326718472,-13.838778172522614,0.051676998112962814,15.0,0.0,False
2022-11-14 20:38:07.889141,L,0.09386134147644043,4.800000000000001,10,10.0,14.595434794117063,0.05878495623138014,0,160.6416809492139,-13.459043802243096,0.051676998112962814,15.0,0.0,False
2022-11-14 20:38:07.967229,L,0.0854330062866211,4.800000000000001,10,10.0,13.498763008284332,0.05630514907861723,0,175.4686967672019,-11.619289195579086,0.05595100229301346,15.0,0.0,False
2022-11-14 20:38:08.047670,L,0.08404278755187988,4.5,10,10.0,11.608275090426407,0.0037671224219627815,0,198.8499961088954,30.407595225003334,0.06811037385254311,15.0,0.0,False
2022-11-14 20:38:08.131433,L,0.08564519882202148,4.4,10,10.0,10.762527722363389,0.0014127157524485903,0,207.6064170039276,32.281514350621556,0.06811037385254311,15.0,0.0,False
2022-11-14 20:38:08.232806,L,0.0877370834350586,2.5999999999999996,10,10.0,11.905172085365066,0.005569450137074833,0,191.27052444045975,28.940718749564372,0.06811037385254311,15.0,0.0,False
2022-11-14 20:38:08.314410,L,0.08756422996520996,21.4,10,10.0,13.538732769489133,0.05602226926457877,0,170.48485686029866,-11.573990993826808,0.06811037385254311,15.0,0.0,False
2022-11-14 20:38:08.410800,L,0.08781766891479492,1.0999999999999996,10,10.0,13.841040186033084,0.05292923535920621,0,167.7038581321144,-9.232893513664072,0.06811037385254311,15.0,0.0,False
2022-11-14 20:38:08.497608,L,0.08821630477905273,3.0,10,10.0,11.854484719094886,0.053818912979062064,0,193.81149073663696,-10.087519841177635,0.06811037385254311,15.0,0.0,False
2022-11-14 20:38:08.581423,L,0.08926653861999512,1.7999999999999998,10,10.0,10.830848555841145,0.051791969568977754,0,204.84159535772272,-8.604335890398985,0.06811037385254311,15.0,0.0,False
2022-11-14 20:38:08.664710,L,0.08725762367248535,1.7999999999999998,10,10.0,12.051481095768676,0.002967380271772498,0,187.29038782131627,30.45293613695638,0.06811037385254311,15.0,0.0,False
2022-11-14 20:38:08.764071,L,0.08600831031799316,1.7999999999999998,10,10.0,13.745751842911844,0.0004130947667986132,0,165.74379891724067,32.49000018214235,0.06811037385254311,15.0,0.0,False
2022-11-14 20:38:08.850131,L,0.08556914329528809,1.7999999999999998,10,10.0,13.337256787455148,0.004568234407558628,0,172.52188502028412,29.15337890259864,0.06811037385254311,15.0,0.0,False
2022-11-14 20:38:08.948405,L,0.08546066284179688,0.09999999999999964,10,10.0,11.75450695003038,0.008768868731275704,0,192.58963596521838,25.77038370374848,0.06811037385254311,15.0,0.0,False
2022-11-14 20:38:09.021470,L,0.08523702621459961,0.09999999999999964,10,10.0,11.067720760079693,0.05750753786519423,0,199.60276699462796,-13.372831236495323,0.06811037385254311,15.0,0.0,False
2022-11-14 20:38:09.099328,L,0.08531045913696289,-0.7000000000000002,10,10.0,11.580982119617415,0.056222758953859676,0,191.76650570952017,-12.483031172301825,0.06811037385254311,15.0,0.0,False
2022-11-14 20:38:09.196045,L,0.08524012565612793,0.0,10,10.0,12.061904497688769,0.005980059486518658,0,185.68136543341802,27.70157982501617,0.06811037385254311,15.0,0.0,False
2022-11-14 20:38:09.278367,L,0.0852212905883789,1.4000000000000004,10,10.0,12.227986155166631,0.00022929256996665826,0,183.6779561805479,32.296387689506844,0.06811037385254311,15.0,0.0,False
2022-11-14 20:38:09.364270,L,0.08541703224182129,-1.5,10,10.0,12.255655372269171,0.0002715432795105758,0,183.12307253254218,32.26121153882019,0.06811037385254311,15.0,0.0,False
2022-11-14 20:38:09.449657,L,0.08513402938842773,-1.5,10,10.0,12.438055867567318,0.003543636335845481,0,180.3372856567962,29.634107172875808,0.06811037385254311,15.0,0.0,False
2022-11-14 20:38:09.536744,L,0.08730292320251465,-1.5,10,10.0,12.424964150878091,0.005307477267864931,0,180.30022005947092,28.209315988062166,0.019654720402580074,15.0,0.0,False
2022-11-14 20:38:09.624815,L,0.08652043342590332,-0.6000000000000001,10,10.0,11.951261244589109,0.007930472949937222,0,186.1795153445526,26.090233875686973,0.019654720402580074,15.0,0.0,False
2022-11-14 20:38:09.709201,L,0.08463788032531738,-1.1,10,10.0,11.423475999020564,0.011828304534252385,0,192.34805464034145,22.9417775640185,0.019654720402580074,15.0,0.0,False
2022-11-14 20:38:09.811284,L,0.08561992645263672,-1.1,10,10.0,11.443421833932886,0.012015433574869366,0,191.2146570775629,22.76165018996183,0.019654720402580074,15.0,0.0,False
2022-11-14 20:38:09.883349,L,0.08637452125549316,-1.1,10,10.0,12.1435287281757,0.012476902705308443,0,181.6558296671627,22.360112719920327,0.019654720402580074,15.0,0.0,False
2022-11-14 20:38:09.967425,L,0.08398246765136719,-1.1,10,10.0,12.174630840406707,0.015883243174790566,0,181.6908564683841,19.594670750805903,0.019654720402580074,15.0,0.0,False
2022-11-14 20:38:10.052520,L,0.08536767959594727,-1.1,10,10.0,11.761167440500525,0.020657366979809594,0,186.87309024571675,15.722313921059948,0.019654720402580074,15.0,0.0,False
2022-11-14 20:38:10.156597,L,0.08525586128234863,-1.1,10,10.0,11.585736206517367,0.02488346209290457,0,188.4293162523231,12.277857547801421,0.019654720402580074,15.0,0.0,False
2022-11-14 20:38:10.223674,L,0.08560299873352051,-1.1,10,10.0,11.753336749395496,0.027999061349083074,0,185.71636951167096,9.713605770887892,0.019654720402580074,15.0,0.0,False
2022-11-14 20:38:10.298364,L,0.08525538444519043,-4.0,10,10.0,11.814264143647385,0.07608678374850181,0,184.8002128040155,-28.95645286180976,0.019654720402580074,15.0,0.0,False
2022-11-14 20:38:10.396768,L,0.08554434776306152,-4.0,10,10.0,13.04720324453742,0.07670535898394187,0,168.11377967647712,-29.642596225464533,0.019654720402580074,15.0,0.0,False
2022-11-14 20:38:10.481066,L,0.08481311798095703,-1.7999999999999998,10,10.0,13.140900722551113,0.07678104067682023,0,167.78744201316505,-29.898439376489254,0.00877563634433292,15.0,0.0,True
2022-11-14 20:38:10.565395,L,0.08379244804382324,-1.7999999999999998,10,10.0,11.72153785030116,0.07663373299387775,0,186.33567105436882,-29.973206569429784,0.008657154197511873,15.0,0.0,True
2022-11-14 20:38:10.648509,L,0.0851898193359375,-1.2000000000000002,10,10.0,10.86883568392006,0.07597143153666322,0,195.72710578738517,-29.63746501534136,0.008657154197511873,15.0,0.0,True
2022-11-14 20:38:10.731866,L,0.0855398178100586,-2.8,10,10.0,11.741954520186654,0.0753444603206074,0,182.93000679622335,-29.329241033131414,0.008657154197511873,15.0,0.0,True
2022-11-14 20:38:10.815311,L,0.08563089370727539,-3.7,10,10.0,12.79492785031611,0.07486181157196271,0,169.6067135288798,-29.135453481074315,0.008657154197511873,15.0,0.0,True
2022-11-14 20:38:10.898939,L,0.08539199829101562,-3.7,10,10.0,13.023315249882685,0.07480600901085271,0,167.3119384954196,-29.2824962989821,0.008657154197511873,15.0,0.0,True
2022-11-14 20:38:10.996695,L,0.08559846878051758,-3.7,10,10.0,12.22250513422827,0.024180116454842852,0,177.74417399379766,11.162032128232532,0.008657154197511873,15.0,0.0,True
2022-11-14 20:38:11.079061,L,0.08484792709350586,-0.20000000000000018,10,10.0,11.91237962263354,0.019379975931610095,0,180.57112213815327,14.94746541225657,0.008657154197511873,15.0,0.0,True
2022-11-14 20:38:11.163377,L,0.08377599716186523,2.0999999999999996,10,10.0,12.171905453715068,0.01893210763788518,0,176.4176121773508,15.25766608701445,0.008657154197511873,15.0,0.0,True
2022-11-14 20:38:11.248692,L,0.08508014678955078,1.9000000000000004,10,10.0,12.300427568417337,0.02236374978558347,0,174.64263074533426,12.454814232910964,0.008657154197511873,15.0,0.0,True
2022-11-14 20:38:11.335793,L,0.08584022521972656,1.7000000000000002,10,10.0,12.649893182378037,0.02350295634369625,0,169.73805685942668,11.483194644299198,0.008657154197511873,15.0,0.0,True
2022-11-14 20:38:11.421155,L,0.08529281616210938,2.9000000000000004,10,10.0,12.588544854155979,0.024359106511924463,0,170.51170667711037,10.735977140588682,0.008657154197511873,15.0,0.0,True
2022-11-14 20:38:11.507468,L,0.08580803871154785,2.9000000000000004,10,5.0,11.81974108109638,0.026379045947644095,0,113.56404587466392,9.051984541774228,0.008657154197511873,15.0,0.0,True
2022-11-14 20:38:11.595918,L,0.08318614959716797,3.4000000000000004,10,5.0,11.079744235934214,0.07632185117028388,0,127.25307650402854,-31.098495602547725,0.008657154197511873,15.0,0.0,True
2022-11-14 20:38:11.668488,L,0.0769495964050293,2.0,10,5.0,8.354152825761755,0.07525357211657455,0,162.09645234197714,-30.4114517507749,0.008657154197511873,15.0,0.0,True
2022-11-14 20:38:11.746746,L,0.07686924934387207,2.0,10,5.0,6.956922134796312,0.07449793381092382,0,176.83799049141876,-29.978779640393967,0.008657154197511873,15.0,0.0,True
2022-11-14 20:38:11.822617,L,0.07711195945739746,2.0,10,5.0,8.110718347363633,0.07333931354524165,0,159.19875588900416,-29.221491623101922,0.008657154197511873,15.0,0.0,True
2022-11-14 20:38:11.899669,L,0.0767202377319336,2.0,10,5.0,10.393732624032399,0.07213650903350903,0,129.49546333480245,-28.425271391081566,0.008657154197511873,15.0,0.0,True
2022-11-14 20:38:11.976755,L,0.07696890830993652,1.7999999999999998,10,5.0,10.409366394450814,0.07051216845674581,0,131.43060562174637,-27.288562007990837,0.008657154197511873,15.0,0.0,True
2022-11-14 20:38:12.053806,L,0.07666325569152832,1.7999999999999998,10,5.0,8.360703897968548,0.06832346232389593,0,158.1918697410337,-25.694659615992833,0.008657154197511873,15.0,0.0,True
2022-11-14 20:38:12.130875,L,0.0768887996673584,-0.5,10,5.0,6.925934412366917,0.06718520061809864,0,174.30668247462768,-24.939161390404724,0.008657154197511873,15.0,0.0,True
2022-11-14 20:38:12.207945,L,0.07663941383361816,-0.5,10,5.0,7.603221081615757,0.06505704177839655,0,163.03046038869692,-23.386082680416777,0.008657154197511873,15.0,0.0,True
2022-11-14 20:38:12.282392,L,0.07996821403503418,3.2,10,5.0,9.50539530916773,0.06268185124805,0,137.98886147590724,-21.636287594857293,0.00877563634433292,15.0,0.0,True
2022-11-14 20:38:12.365906,L,0.08889031410217285,0.5,10,5.0,10.672753654373853,0.05905569003311747,0,124.03746142868681,-18.892732068240615,0.00877563634433292,15.0,0.0,True
2022-11-14 20:38:12.463348,L,0.08542585372924805,4.199999999999999,10,5.0,9.711093716843344,0.011054017840061844,0,137.21146405782756,19.48548788587073,0.00877563634433292,15.0,0.0,True
2022-11-14 20:38:12.548447,L,0.08826160430908203,7.199999999999999,10,5.0,7.3495579371924435,0.008185064055803217,0,166.68502660341218,21.753684054304006,0.00877563634433292,15.0,0.0,True
2022-11-14 20:38:12.638946,L,0.08634042739868164,5.0,10,5.0,6.398136090488754,0.011851390690898422,0,176.28699051045527,18.78917543478494,0.00877563634433292,15.0,0.0,True
2022-11-14 20:38:12.726032,L,0.0866999626159668,5.0,10,5.0,7.84070493614956,0.012043740634548895,0,155.71778057472008,18.60437217442672,0.00877563634433292,15.0,0.0,True
2022-11-14 20:38:12.798148,L,0.08489537239074707,3.3,10,5.0,9.656930351157776,0.05991960925419819,0,132.65686604664398,-19.8545468585649,0.00877563634433292,15.0,0.0,True
2022-11-14 20:38:12.897600,L,0.0857086181640625,2.5,10,5.0,9.70426146656811,0.060016632915364215,0,133.36664703584873,-20.080855991155666,0.00877563634433292,15.0,0.0,True
2022-11-14 20:38:12.981863,L,0.0846552848815918,4.9,10,5.0,8.521079161613292,0.05744480613257916,0,148.4215493641318,-18.1689696376868,0.00877563634433292,15.0,0.0,True
2022-11-14 20:38:13.064675,L,0.08257102966308594,1.2999999999999998,10,5.0,7.78092492585244,0.0076853550211446004,0,156.34289011524166,21.625276081446103,0.00877563634433292,15.0,0.0,True
2022-11-14 20:38:13.154017,L,0.08741211891174316,4.6,10,5.0,7.048123662952299,0.00631905346381816,0,164.7203878567695,22.695876517242745,0.00877563634433292,15.0,0.0,True
2022-11-14 20:38:13.231575,L,0.08584022521972656,4.0,10,5.0,7.545515448667697,0.05601974069371526,0,156.89690300123385,-17.21488189358185,0.00877563634433292,15.0,0.0,True
2022-11-14 20:38:13.317358,L,0.08519220352172852,1.9000000000000004,10,5.0,8.362059631990665,0.054672672593889055,0,146.14649641513725,-16.271009949753893,0.00877563634433292,15.0,0.0,True
2022-11-14 20:38:13.397163,L,0.08460092544555664,4.5,10,5.0,8.89855283234721,0.0550385876165603,0,139.37326277329237,-16.703632804265645,0.00877563634433292,15.0,0.0,True
2022-11-14 20:38:13.495194,L,0.08401679992675781,4.5,10,5.0,8.675199214974803,0.05396201146982035,0,142.3359390045923,-15.978211962419767,0.00877563634433292,15.0,0.0,True
2022-11-14 20:38:13.598858,L,0.08539032936096191,4.5,10,5.0,7.633641660788945,0.052424262208800074,0,155.3387711558447,-14.882256357589508,0.010817944882534972,15.0,0.0,False
2022-11-14 20:38:13.666454,L,0.08540892601013184,2.4000000000000004,10,5.0,7.306628133850059,0.004668293928309805,0,158.03203946438205,23.315968212310334,0.010817944882534972,15.0,0.0,False
2022-11-14 20:38:13.748563,L,0.08568549156188965,4.699999999999999,10,5.0,7.247066669338967,0.05174735747764788,0,158.0483269385416,-14.49138841253194,0.010817944882534972,15.0,0.0,False
2022-11-14 20:38:13.830803,L,0.08526158332824707,2.0999999999999996,10,5.0,7.640676063478523,0.053420979068972925,0,152.34355686516125,-15.961630292761269,0.010817944882534972,15.0,0.0,False
2022-11-14 20:38:13.915418,L,0.08555412292480469,0.5999999999999996,10,5.0,8.001396465138638,0.051614473828240685,0,147.541369224903,-14.648493585257482,0.010817944882534972,15.0,0.0,False
2022-11-14 20:38:13.997368,L,0.08562302589416504,0.5999999999999996,10,5.0,8.265017448017934,0.050181478137684775,0,143.93253877370162,-13.631041525351955,0.010817944882534972,15.0,0.0,False
2022-11-14 20:38:14.081634,L,0.08548665046691895,6.699999999999999,10,5.0,8.255247178445494,-0.052372416624899304,0,143.8125362719875,68.5582176785632,0.010817944882534972,15.0,0.0,False
2022-11-14 20:38:14.183605,L,0.0859823226928711,3.4000000000000004,10,5.0,7.874199691896344,-0.0020623492947884235,0,148.32258594572528,28.29763589076193,0.010817944882534972,15.0,0.0,False
2022-11-14 20:38:14.268681,L,0.08590173721313477,6.1,10,5.0,8.052894904525308,0.054942990166297265,0,145.00255306038292,-17.44901152685088,0.010817944882534972,15.0,0.0,False
2022-11-14 20:38:14.375776,L,0.08603620529174805,3.2,10,5.0,7.895320110929514,0.054915418714945846,0,146.78641808829258,-17.562056478082315,0.010817944882534972,15.0,0.0,False
2022-11-14 20:38:14.442853,L,0.0873267650604248,-0.7999999999999998,10,5.0,7.579406902092328,0.054198464100255334,0,150.30548456303615,-17.130403186982512,0.010817944882534972,15.0,0.0,False
2022-11-14 20:38:14.530904,L,0.08656191825866699,-0.7999999999999998,10,5.0,7.804673225091232,0.0034773094618963103,0,146.49473579627548,23.443267869115264,0.010817944882534972,15.0,0.0,False
2022-11-14 20:38:14.614715,L,0.08577847480773926,-0.7999999999999998,10,5.0,8.332154908801538,0.0005433409634542033,0,139.23860368251147,25.7835269763277,0.010817944882534972,15.0,0.0,False
2022-11-14 20:38:14.703239,L,0.08631372451782227,4.800000000000001,10,5.0,8.690559988482635,0.0047542148044923925,0,134.50035022878612,22.401687386897645,0.010817944882534972,15.0,0.0,False
2022-11-14 20:38:14.781954,L,0.08620381355285645,2.9000000000000004,10,5.0,8.25380503949955,0.005766242531489317,0,140.10231800181091,21.577523499813942,0.010817944882534972,15.0,0.0,False
2022-11-14 20:38:14.865373,L,0.08555173873901367,2.9000000000000004,10,5.0,7.719518368688953,0.05657176666795019,0,146.16630391646999,-19.217911372947725,0.010817944882534972,15.0,0.0,False
2022-11-14 20:38:14.964631,L,0.08544659614562988,2.9000000000000004,10,5.0,7.171950381463709,0.05695275439703931,0,152.38226011533365,-19.662800141219126,0.010817944882534972,15.0,0.0,False
2022-11-14 20:38:15.049264,L,0.08760499954223633,2.9000000000000004,10,5.0,7.544338431154019,0.0531543957686247,0,146.40190307023204,-16.7633327973408,0.010817944882534972,15.0,0.0,False
2022-11-14 20:38:15.130652,L,0.08576369285583496,1.5,10,5.0,8.44322505985737,0.005291639397128177,0,134.40163545978078,21.518404577333598,0.010817944882534972,15.0,0.0,False
2022-11-14 20:38:15.221698,L,0.08474397659301758,1.5,10,5.0,8.81396486866739,0.0017384438409380923,0,129.9169513863875,24.351379857479532,0.010817944882534972,15.0,0.0,False
2022-11-14 20:38:15.297408,L,0.08626508712768555,1.5,10,5.0,8.70157261585145,0.0030803586542791144,0,131.19479471471007,23.269301341547617,0.010817944882534972,15.0,0.0,False
2022-11-14 20:38:15.395286,L,0.08606410026550293,1.5,10,5.0,7.2573201878043445,0.006304976510267661,0,149.68510082526487,20.673108973656927,0.010817944882534972,15.0,0.0,False
2022-11-14 20:38:15.479371,L,0.0844888687133789,1.5,10,5.0,4.205454220907271,0.0102272001100277,0,188.37579200555575,17.509318003498922,0.010817944882534972,15.0,0.0,False
2022-11-14 20:38:15.566684,L,0.08616328239440918,2.4000000000000004,10,5.0,3.8599652720817295,0.05689594850750564,0,189.50693616742373,-19.977703050266168,0.010817944882534972,15.0,0.0,False
2022-11-14 20:38:15.651975,L,0.08442449569702148,4.800000000000001,10,5.0,6.391219493912784,0.05896555071443789,0,155.49776327053982,-21.77755774961289,0.010817944882534972,15.0,0.0,False
2022-11-14 20:38:15.730263,L,0.0893399715423584,1.2000000000000002,10,5.0,8.838622373040485,0.060861854969253545,0,125.70186355291003,-23.457690159903215,0.010817944882534972,15.0,0.0,False
2022-11-14 20:38:15.827606,L,0.08578777313232422,1.2000000000000002,10,5.0,9.941264384197652,0.061682857753694156,0,113.07647209764147,-24.27312488218575,0.010817944882534972,15.0,0.0,False
2022-11-14 20:38:15.916584,L,0.08588933944702148,-0.8999999999999999,10,5.0,8.656098298726096,0.06332130561696385,0,130.65204363942578,-25.747136987221694,0.010817944882534972,15.0,0.0,False
2022-11-14 20:38:15.999908,L,0.08493828773498535,-0.8999999999999999,10,5.0,7.713222586020452,0.06266956761111195,0,141.1194061763897,-25.385170462094102,0.010817944882534972,15.0,0.0,False
2022-11-14 20:38:16.085193,L,0.08449530601501465,-0.8999999999999999,10,5.0,7.187749088538073,0.06452344474460459,0,146.56720427653124,-27.032126151853085,0.010817944882534972,15.0,0.0,False
2022-11-14 20:38:16.173635,L,0.08545160293579102,2.5999999999999996,10,5.0,7.105688139837416,0.06319070331461567,0,146.66620221014202,-26.127550044122586,0.010817944882534972,15.0,0.0,False
2022-11-14 20:38:16.257267,L,0.08594346046447754,2.5999999999999996,10,5.0,6.093443196695707,0.06300863435051231,0,159.70696420156054,-26.14448505483317,0.010817944882534972,15.0,0.0,False
2022-11-14 20:38:16.343362,L,0.08619213104248047,2.5999999999999996,10,5.0,4.171373204446438,0.06404799474167934,0,183.96682613505453,-27.14172813363709,0.010817944882534972,15.0,0.0,False
2022-11-14 20:38:16.433426,L,0.08758139610290527,2.5999999999999996,10,5.0,5.031792597586305,0.06511366076980499,0,170.42381883551087,-28.165344406359974,0.010817944882534972,15.0,0.0,False
2022-11-14 20:38:16.518519,L,0.08615946769714355,2.5999999999999996,10,5.0,8.127491399066319,0.0637932086476615,0,130.12594240827627,-27.273599441660217,0.010817944882534972,15.0,0.0,False
2022-11-14 20:38:16.614588,L,0.08603930473327637,-0.5,10,5.0,10.131786853205911,0.06194467083179696,0,106.45480214464556,-25.954597889976462,0.010817944882534972,15.0,0.0,False
2022-11-14 20:38:16.691656,L,0.0859382152557373,-1.9,10,5.0,9.55300999357576,0.013520470167716875,0,115.62056099806142,12.755324810132603,0.010817944882534972,15.0,0.0,False
2022-11-14 20:38:16.775871,L,0.08365178108215332,-1.9,10,5.0,6.915887653053135,0.06053211819606407,0,149.42451399088765,-25.017156888663163,0.010817944882534972,15.0,0.0,False
2022-11-14 20:38:16.860957,L,0.08527874946594238,-1.9,10,5.0,5.210240180440961,0.06085701633208293,0,168.70401068805538,-25.427187881373726,0.010817944882534972,15.0,0.0,False
2022-11-14 20:38:16.947397,L,0.08522844314575195,0.2999999999999998,10,5.0,6.7613020517867355,0.01002460112564483,0,145.97106956925293,15.219115202544975,0.010817944882534972,15.0,0.0,False
2022-11-14 20:38:17.046502,L,0.08533239364624023,4.6,10,5.0,8.398242913651705,0.006184121854384855,0,125.64939522934563,18.27015324824959,0.010817944882534972,15.0,0.0,False
2022-11-14 20:38:17.114393,L,0.0853872299194336,4.6,10,5.0,8.720277994276334,0.011464831495849225,0,122.69081033974061,14.015148525317318,0.010817944882534972,15.0,0.0,False
2022-11-14 20:38:17.198388,L,0.08571887016296387,4.6,10,5.0,7.772455392021529,0.06008470628637981,0,135.0722586288099,-25.04031667401949,0.010817944882534972,15.0,0.0,False
2022-11-14 20:38:17.293044,L,0.0873253345489502,4.300000000000001,10,5.0,6.705925300039713,0.010855377552257944,0,147.6882743650697,14.326017306710868,0.010817944882534972,15.0,0.0,False
2022-11-14 20:38:17.378298,L,0.08532404899597168,4.300000000000001,10,5.0,7.032583895524694,0.010610206601121611,0,141.81734042497743,14.48938616571176,0.010817944882534972,15.0,0.0,False
2022-11-14 20:38:17.467360,L,0.08758401870727539,4.300000000000001,10,5.0,7.334694502732454,0.010093457749068733,0,137.82095592877778,14.876294745846177,0.010817944882534972,15.0,0.0,False
2022-11-14 20:38:17.553437,L,0.08582353591918945,4.300000000000001,10,5.0,7.769836866889926,0.015073726796956177,0,131.96173137106794,10.85262979942435,0.010817944882534972,15.0,0.0,False
2022-11-14 20:38:17.631020,L,0.08717226982116699,4.300000000000001,10,5.0,7.641032376748098,0.0606545184801125,0,133.70171408958444,-25.775273834676327,0.010487772517058706,15.0,0.0,False
2022-11-14 20:38:17.714035,L,0.08554363250732422,4.300000000000001,10,5.0,7.191844457821782,0.012596887316781259,0,139.0943119017306,12.649350317449933,0.010487772517058706,15.0,0.0,False
2022-11-14 20:38:17.796957,L,0.08510994911193848,4.300000000000001,10,5.0,7.505378648116065,0.010498670675484552,0,134.01195106417202,14.295746012170678,0.0013818788475097204,15.0,0.0,True
2022-11-14 20:38:17.895857,L,0.0842437744140625,4.300000000000001,10,5.0,8.550269077832343,0.00914022067747017,0,120.00315932876852,15.35932053206298,0.0013818788475097204,15.0,0.0,True
2022-11-14 20:38:17.980960,L,0.08404159545898438,4.300000000000001,10,5.0,8.63955977135237,0.00991002961204643,0,119.45399403481005,14.718234892578618,0.0013818788475097204,15.0,0.0,True
2022-11-14 20:38:18.064515,L,0.08504366874694824,-1.0,10,5.0,7.196213532291752,0.06078059836841288,0,138.20402909614913,-26.139180365865307,0.0013818788475097204,15.0,0.0,True
2022-11-14 20:38:18.147323,L,0.08644437789916992,1.0,10,5.0,5.218401978355068,0.06202826874234758,0,162.4907845973727,-27.29233915058355,0.0013818788475097204,15.0,0.0,True
2022-11-14 20:38:18.230740,L,0.08582925796508789,1.0,10,5.0,4.37236925332645,0.0603291944684155,0,171.4486728845178,-26.088077739324067,0.0013818788475097204,15.0,0.0,True
2022-11-14 20:38:18.313270,L,0.08599519729614258,1.0,10,5.0,5.275136659967136,0.06031599123159086,0,158.53263897765433,-26.233318141300693,0.0013818788475097204,15.0,0.0,True
2022-11-14 20:38:18.411718,L,0.08593988418579102,1.0,10,5.0,7.31265335244952,0.05898590929930244,0,132.36386577431776,-25.321176628352557,0.0013818788475097204,15.0,0.0,True
2022-11-14 20:38:18.497468,L,0.0835268497467041,1.0,10,5.0,8.281273648372647,0.00932312711697174,0,121.40348464455944,14.39147813221281,0.0013818788475097204,15.0,0.0,True
2022-11-14 20:38:18.565340,L,0.08352112770080566,1.0,10,5.0,7.5708634625433575,0.008707750379969029,0,131.50919088322308,14.85608904032748,0.0013818788475097204,15.0,0.0,True
2022-11-14 20:38:18.663981,L,0.08709979057312012,1.0,10,5.0,6.958246308601183,0.011778324631759275,0,138.3722465120971,12.368426736258472,0.0013818788475097204,15.0,0.0,True
2022-11-14 20:38:18.747559,L,0.08588027954101562,1.0,10,5.0,6.436866417211517,0.01284901027542021,0,144.28575816934307,11.4790017868201,0.0013818788475097204,15.0,0.0,True
2022-11-14 20:38:18.829830,L,0.08682847023010254,1.0,10,5.0,7.004670704287102,0.012755361165827232,0,135.86294299745543,11.520830676993125,0.0013818788475097204,15.0,0.0,True
2022-11-14 20:38:18.914345,L,0.08764290809631348,-2.9,10,5.0,7.577036273485062,0.011654827645365302,0,128.5437107051842,12.37072838836017,0.0013818788475097204,15.0,0.0,True
2022-11-14 20:38:19.030292,L,0.08562254905700684,3.2,10,5.0,6.497468624005972,0.010287244038343359,0,143.15599883125924,13.438404824449298,0.0013818788475097204,15.0,0.0,True
2022-11-14 20:38:19.099353,L,0.08472061157226562,0.40000000000000036,10,5.0,5.300131895280153,0.008372903035353436,0,157.62561661326092,14.94866313980142,0.0013818788475097204,15.0,0.0,True
2022-11-14 20:38:19.180594,L,0.08286261558532715,1.2000000000000002,10,5.0,5.021033100719805,0.006044846142382626,0,159.89486078110914,16.79613689584026,0.0013818788475097204,15.0,0.0,True
2022-11-14 20:38:19.271208,L,0.08722162246704102,1.2000000000000002,10,5.0,5.13836569953096,0.0038527453454164457,0,157.99138913224257,18.53970662397364,0.0013818788475097204,15.0,0.0,True
2022-11-14 20:38:19.350319,L,0.08720707893371582,1.2000000000000002,10,5.0,6.248498330851518,0.004675712796454711,0,143.31357960876772,17.868754310768946,0.0013818788475097204,15.0,0.0,True
2022-11-14 20:38:19.444916,L,0.08592867851257324,-1.1,10,5.0,6.661425783187621,0.005356911833053925,0,138.8653597480412,17.310000805253654,0.0013818788475097204,15.0,0.0,True
2022-11-14 20:38:19.531977,L,0.08543515205383301,-1.1,10,5.0,6.101718799270796,0.005836979028620919,0,146.52926419047265,16.911009637181014,0.0013818788475097204,15.0,0.0,True
2022-11-14 20:38:19.629065,L,0.08508491516113281,6.9,10,5.0,5.802324977131441,0.0066016876408748655,0,149.68221011719666,16.28235794128792,0.0013818788475097204,15.0,0.0,True
2022-11-14 20:38:19.702148,L,0.08559226989746094,6.9,10,0.0,6.131534339675282,0.009060585565247402,0,78.10392324632225,14.291776714795606,0.0013818788475097204,15.0,0.0,True
2022-11-14 20:38:19.786223,L,0.08361363410949707,1.0,10,0.0,6.948458465783457,0.009161321488549966,0,72.38811351196205,14.188482867252967,0.0013818788475097204,15.0,0.0,True
2022-11-14 20:38:19.863276,L,0.0772702693939209,-2.5,10,0.0,4.0906284868178115,0.010418225684334056,0,0,0,0.0013818788475097204,15.0,0.0,True
2022-11-14 20:38:19.941346,L,0.07722830772399902,-2.5,10,0.0,1.5143693802854479,0.011107649229949373,0,0,0,0.0013818788475097204,15.0,0.0,True
2022-11-14 20:38:20.019417,L,0.0771036148071289,-2.5,10,0.0,0.23326774398022268,0.010654059934949741,0,0,0,0.0013818788475097204,15.0,0.0,True
2022-11-14 20:38:20.095486,L,0.0766746997833252,0.09999999999999964,10,0.0,0.04665354879604454,0.010159982966369068,0,0,0,0,15.0,0.0,True
2022-11-14 20:38:20.172557,L,0.07704997062683105,0.09999999999999964,10,0.0,0.009330709759208907,0.010554077619110796,0,0,0,0,15.0,0.0,True
2022-11-14 20:38:20.250631,L,0.07659077644348145,0.5,10,0.0,0.0018661419518417816,0.011468256663672516,0,0,0,0,15.0,0.0,True
2022-11-14 20:38:20.326696,L,0.07687878608703613,0.5,10,0.0,0.0003732283903683563,0.011092455868168379,0,0,0,0,15.0,0.0,True
2022-11-14 20:38:20.403767,L,0.0765535831451416,0.5,10,0.0,7.464567807367127e-05,0.010626017143934904,0,0,0,0,15.0,0.0,True
2022-11-14 20:38:20.479835,L,0.07695579528808594,2.7,10,0.0,1.4929135614734256e-05,0.010221007108723052,0,0,0,0,15.0,0.0,True
2022-11-14 20:38:20.564170,L,0.08546733856201172,0.7000000000000002,10,0.0,2.985827122946851e-06,0.01055143915733934,0,0,0,0,15.0,0.0,True
2022-11-14 20:38:20.646779,L,0.0868842601776123,0.7000000000000002,10,0.0,5.971654245893703e-07,0.010622217275283587,0,0,0,0,15.0,0.0,True
2022-11-14 20:38:20.731419,L,0.08608412742614746,0.7000000000000002,10,0.0,1.1943308491787407e-07,0.010333646326225316,0,0,0,0,15.0,0.0,True
2022-11-14 20:38:20.812975,L,0.08726191520690918,0.7000000000000002,10,0.0,2.388661698357481e-08,0.011304917773875028,0,0,0,0,15.0,0.0,True
2022-11-14 20:38:20.914781,L,0.08671689033508301,0.7000000000000002,10,0.0,4.777323396714963e-09,0.010625328681998978,0,0,0,0,15.0,0.0,True
2022-11-14 20:38:20.997486,L,0.0853874683380127,0.7000000000000002,10,0.0,9.554646793429927e-10,0.010721118200934427,0,0,0,0,15.0,0.0,True
2022-11-14 20:38:21.082362,L,0.08714723587036133,0.7000000000000002,10,0.0,1.910929358685985e-10,0.011073510062360554,0,0,0,0,15.0,0.0,True
2022-11-14 20:38:21.179412,L,0.08727908134460449,2.4000000000000004,10,0.0,3.8218587173719706e-11,0.010433318586194106,0,0,0,0,15.0,0.0,True
2022-11-14 20:38:21.261657,L,0.08578014373779297,2.4000000000000004,10,0.0,7.643717434743942e-12,0.010644980207704189,0,0,0,0,15.0,0.0,True
2022-11-14 20:38:21.349227,L,0.08608460426330566,2.4000000000000004,10,0.0,1.5287434869487885e-12,0.01096007915476755,0,0,0,0,15.0,0.0,True
2022-11-14 20:38:21.429705,L,0.08639001846313477,2.4000000000000004,10,0.0,3.057486973897577e-13,0.010219844456727599,0,0,0,0,15.0,0.0,True
2022-11-14 20:38:21.515223,L,0.08504819869995117,2.4000000000000004,10,0.0,6.114973947795154e-14,0.010978060964693464,0,0,0,0,15.0,0.0,True
2022-11-14 20:38:21.627668,L,0.08519530296325684,2.4000000000000004,10,0.0,1.222994789559031e-14,0.01071728241961085,0,0,0,0,15.0,0.0,True
2022-11-14 20:38:21.693942,L,0.08719563484191895,2.4000000000000004,10,0.0,2.445989579118062e-15,0.010209969517637965,0,0,0,0,15.0,0.0,True
2022-11-14 20:38:21.781125,L,0.08686304092407227,2.4000000000000004,10,0.0,4.891979158236124e-16,0.011281147309900798,0,0,0,0,15.0,0.0,True
2022-11-14 20:38:21.863882,L,0.08905577659606934,2.4000000000000004,10,0.0,9.783958316472248e-17,0.010584744803564665,0,0,0,0,15.0,0.0,True
2022-11-14 20:38:21.946214,L,0.08623099327087402,2.4000000000000004,10,0.0,1.95679166329445e-17,0.01049620966854364,0,0,0,0,15.0,0.0,True
2022-11-14 20:38:22.029534,L,0.08502483367919922,0.20000000000000018,10,0.0,3.9135833265889e-18,0.011065751649970073,0,0,0,0,15.0,0.0,True
2022-11-14 20:38:22.128421,L,0.08578729629516602,0.20000000000000018,10,0.0,7.827166653177801e-19,0.01052625775689253,0,0,0,0,15.0,0.0,True
2022-11-14 20:38:22.213521,L,0.08674860000610352,2.4000000000000004,10,0.0,1.5654333306355602e-19,0.01085161609420147,0,0,0,0,15.0,0.0,True
2022-11-14 20:38:22.296314,L,0.08364748954772949,2.4000000000000004,10,0.0,3.1308666612711204e-20,0.01104524473890699,0,0,0,0,15.0,0.0,True
2022-11-14 20:38:22.379796,L,0.0945582389831543,2.4000000000000004,10,0.0,6.2617333225422416e-21,0.010297471242282565,0,0,0,0,15.0,0.0,True
2022-11-14 20:38:22.479864,L,0.08744120597839355,2.4000000000000004,10,0.0,1.2523466645084485e-21,0.011281873287945101,0,0,0,0,15.0,0.0,True
2022-11-14 20:38:22.563845,L,0.08725643157958984,2.4000000000000004,10,0.0,2.5046933290168974e-22,0.010497807968416492,0,0,0,0,15.0,0.0,True
2022-11-14 20:38:22.646117,L,0.08697032928466797,2.4000000000000004,10,0.0,5.009386658033794e-23,0.010614668648500124,0,0,0,0,15.0,0.0,True
2022-11-14 20:38:22.744854,L,0.0870974063873291,2.4000000000000004,10,0.0,1.001877331606759e-23,0.011140746882367887,0,0,0,0,15.0,0.0,True
2022-11-14 20:38:22.830589,L,0.0853111743927002,2.4000000000000004,10,0.0,2.003754663213518e-24,0.01029992725308716,0,0,0,0,15.0,0.0,True
2022-11-14 20:38:22.913505,L,0.08569216728210449,2.4000000000000004,10,0.0,4.0075093264270357e-25,0.010864873126514693,0,0,0,0,15.0,0.0,True
2022-11-14 20:38:23.021244,L,0.08485174179077148,2.4000000000000004,10,0.0,8.015018652854073e-26,0.010941891786884431,0,0,0,0,15.0,0.0,True
2022-11-14 20:38:23.085302,L,0.0836937427520752,2.4000000000000004,10,0.0,1.6030037305708144e-26,0.010600599428713069,0,0,0,0,15.0,0.0,True
2022-11-14 20:38:23.163813,L,0.08595538139343262,2.4000000000000004,10,0.0,3.206007461141629e-27,0.010404097980287491,0,0,0,0,15.0,0.0,True
2022-11-14 20:38:23.246089,L,0.08771181106567383,-0.3999999999999999,10,0.0,6.412014922283258e-28,0.011267474669501457,0,0,0,0,15.0,0.0,True
2022-11-14 20:38:23.330544,L,0.07904839515686035,-0.3999999999999999,10,0.0,1.2824029844566518e-28,0.010587138572628912,0,0,0,0,15.0,0.0,True
2022-11-14 20:38:23.419410,L,0.08013486862182617,-0.3999999999999999,10,0.0,2.564805968913304e-29,0.010299150024698424,0,0,0,0,15.0,0.0,True
2022-11-14 20:38:23.513444,L,0.07780051231384277,2.0,10,0.0,5.129611937826608e-30,0.01071728241961085,0,0,0,0,15.0,0.0,True
2022-11-14 20:38:23.575524,L,0.077362060546875,2.0,10,0.0,1.0259223875653217e-30,0.01115290546213825,0,0,0,0,15.0,0.0,True
2022-11-14 20:38:23.648651,L,0.07833504676818848,2.0,10,0.0,2.0518447751306435e-31,0.010679986037850293,0,0,0,0,15.0,0.0,True
2022-11-14 20:38:23.745185,L,0.07718539237976074,2.0,10,0.0,4.103689550261288e-32,0.01049987826080091,0,0,0,0,15.0,0.0,True
2022-11-14 20:38:23.807695,L,0.07691621780395508,2.0,10,0.0,8.207379100522575e-33,0.010507057502267584,0,0,0,0,15.0,0.0,True
2022-11-14 20:38:23.880897,L,0.07735562324523926,2.0,10,0.0,1.641475820104515e-33,0.01104098515696041,0,0,0,0,15.0,0.0,True
2022-11-14 20:38:23.978854,L,0.08167123794555664,2.0,10,0.0,3.2829516402090304e-34,0.011414135751611517,0,0,0,0,15.0,0.0,True
2022-11-14 20:38:24.048760,L,0.08547806739807129,0.9000000000000004,10,0.0,6.565903280418061e-35,0.009575246078227552,0,0,0,0,15.0,0.0,True
2022-11-14 20:38:24.130162,L,0.0773477554321289,0.9000000000000004,10,0.0,1.313180656083612e-35,0.010329886683025695,0,0,0,0,15.0,0.0,True
2022-11-14 20:38:24.197784,L,0.07813405990600586,-0.3999999999999999,10,0.0,2.6263613121672247e-36,0.010536306147690248,0,0,0,0,15.0,0.0,True
2022-11-14 20:38:24.288036,L,0.07768559455871582,-0.3999999999999999,10,0.0,5.252722624334449e-37,0.011529324200529201,0,0,0,0,15.0,0.0,True
2022-11-14 20:38:24.364193,L,0.07649827003479004,1.0999999999999996,10,0.0,1.05054452486689e-37,0.010712283973665724,0,0,0,0,15.0,0.0,True
2022-11-14 20:38:24.431103,L,0.07820391654968262,1.0999999999999996,10,0.0,2.10108904973378e-38,0.01059977510639095,0,0,0,0,15.0,0.0,True
2022-11-14 20:38:24.520348,L,0.07786798477172852,1.0999999999999996,10,0.0,4.2021780994675605e-39,0.010396844847217333,0,0,0,0,15.0,0.0,True
2022-11-14 20:38:24.597502,L,0.07814478874206543,1.0999999999999996,10,0.0,8.40435619893512e-40,0.010917410964029123,0,0,0,0,15.0,0.0,True
2022-11-14 20:38:24.665299,L,0.07845640182495117,1.0999999999999996,10,0.0,1.6808712397870238e-40,0.010903724500183936,0,0,0,0,15.0,0.0,True
2022-11-14 20:38:24.762858,L,0.08687901496887207,1.0999999999999996,10,0.0,3.361742479574048e-41,0.010583462304329362,0,0,0,0,15.0,0.0,True
2022-11-14 20:38:24.850983,L,0.08600521087646484,1.0999999999999996,10,0.0,6.723484959148096e-42,0.010703370835665141,0,0,0,0,15.0,0.0,True
2022-11-14 20:38:24.930055,L,0.0795133113861084,1.7999999999999998,10,0.0,1.3446969918296194e-42,0.011035878719934358,0,0,0,0,15.0,0.0,True
2022-11-14 20:38:25.009127,L,0.07696986198425293,-1.6,10,0.0,2.689393983659239e-43,0.010618910705118605,0,0,0,0,15.0,0.0,True
2022-11-14 20:38:25.090278,L,0.07782912254333496,-1.6,10,0.0,5.378787967318479e-44,0.010218981374795117,0,0,0,0,15.0,0.0,True
2022-11-14 20:38:25.162343,L,0.07704949378967285,-1.6,10,0.0,1.0757575934636956e-44,0.010523316810835372,0,0,0,0,15.0,0.0,True
2022-11-14 20:38:25.242417,L,0.07747626304626465,-1.6,10,0.0,2.151515186927392e-45,0.011169688315667923,0,0,0,0,15.0,0.0,True
2022-11-14 20:38:25.314659,L,0.07981014251708984,-1.6,10,0.0,4.3030303738547835e-46,0.010791253805263155,0,0,0,0,15.0,0.0,True
2022-11-14 20:38:25.396141,L,0.07731413841247559,-0.5,10,0.0,8.606060747709567e-47,0.01048023152479537,0,0,0,0,15.0,0.0,True
2022-11-14 20:38:25.475341,L,0.07719612121582031,0.7999999999999998,10,0.0,1.7212121495419136e-47,0.010372058736921558,0,0,0,0,15.0,0.0,True
2022-11-14 20:38:25.546861,L,0.08026933670043945,0.7999999999999998,10,0.0,3.4424242990838266e-48,0.01071247096148913,0,0,0,0,15.0,0.0,True
2022-11-14 20:38:25.659273,L,0.08816170692443848,0.7999999999999998,10,0.0,6.884848598167653e-49,0.010579802862647016,0,0,0,0,15.0,0.0,True
2022-11-14 20:38:25.738874,L,0.09304928779602051,0.7999999999999998,10,0.0,1.3769697196335307e-49,0.010571544186388266,0,0,0,0,15.0,0.0,True
2022-11-14 20:38:25.829990,L,0.09003758430480957,0.7999999999999998,10,0.0,2.753939439267062e-50,0.011132128483708969,0,0,0,0,15.0,0.0,True
2022-11-14 20:38:25.913871,L,0.08763504028320312,0.7999999999999998,10,0.0,5.507878878534124e-51,0.01028649650984239,0,0,0,0,15.0,0.0,True
2022-11-14 20:38:25.997619,L,0.09030747413635254,0.7999999999999998,10,0.0,1.1015757757068248e-51,0.011151563826150356,0,0,0,0,15.0,0.0,True
2022-11-14 20:38:26.094697,L,0.09040546417236328,0.7999999999999998,10,0.0,2.20315155141365e-52,0.010681693407813133,0,0,0,0,15.0,0.0,True
2022-11-14 20:38:26.212863,L,0.09000205993652344,0.7999999999999998,10,0.0,4.4063031028273e-53,0.01079849590348452,0,0,0,0,15.0,0.0,True
2022-11-14 20:38:26.280037,L,0.08944511413574219,0.7999999999999998,10,0.0,8.812606205654601e-54,0.010675412425031748,0,0,0,0,15.0,0.0,True
2022-11-14 20:38:26.370041,L,0.0898897647857666,1.4000000000000004,10,0.0,1.76252124113092e-54,0.010281018236606543,0,0,0,0,15.0,0.0,True
2022-11-14 20:38:26.460123,L,0.08983492851257324,2.5999999999999996,10,0.0,3.525042482261841e-55,0.011118030205285371,0,0,0,0,15.0,0.0,True
2022-11-14 20:38:26.550205,L,0.08962607383728027,2.5999999999999996,10,0.0,7.0500849645236815e-56,0.01027913250963315,0,0,0,0,15.0,0.0,True
2022-11-14 20:38:26.653299,L,0.08963942527770996,2.5999999999999996,10,0.0,1.4100169929047365e-56,0.010260126873400086,0,0,0,0,15.0,0.0,True
2022-11-14 20:38:26.731370,L,0.09043741226196289,2.5999999999999996,10,0.0,2.8200339858094734e-57,0.011114267165997092,0,0,0,0,15.0,0.0,True
2022-11-14 20:38:26.820450,L,0.08915305137634277,2.5999999999999996,10,0.0,5.640067971618946e-58,0.009480488061240182,0,0,0,0,15.0,0.0,True
2022-11-14 20:38:26.915536,L,0.09115004539489746,2.5999999999999996,10,0.0,1.1280135943237894e-58,0.010928277493125792,0,0,0,0,15.0,0.0,True
2022-11-14 20:38:27.010740,L,0.09695816040039062,2.5999999999999996,10,0.0,2.2560271886475787e-59,0.010182306733658626,0,0,0,0,15.0,0.0,True
2022-11-14 20:38:27.097820,L,0.08679938316345215,2.5999999999999996,10,0.0,4.512054377295157e-60,0.01059030546416519,0,0,0,0,15.0,0.0,True
2022-11-14 20:38:27.179489,L,0.08612275123596191,2.5999999999999996,10,0.0,9.024108754590316e-61,0.010797622087278051,0,0,0,0,15.0,0.0,True
2022-11-14 20:38:27.271067,L,0.08612918853759766,2.5999999999999996,10,0.0,1.8048217509180632e-61,0.010398880729692833,0,0,0,0,15.0,0.0,True
2022-11-14 20:38:27.360140,L,0.0887598991394043,2.5999999999999996,10,0.0,3.6096435018361266e-62,0.011371968630193536,0,0,0,0,15.0,0.0,True
2022-11-14 20:38:27.449984,L,0.08905148506164551,2.5999999999999996,10,0.0,7.219287003672253e-63,0.01057616022264352,0,0,0,0,15.0,0.0,True
2022-11-14 20:38:27.536062,L,0.08639049530029297,2.5999999999999996,10,0.0,1.4438574007344505e-63,0.010574482002503122,0,0,0,0,15.0,0.0,True
2022-11-14 20:38:27.613325,L,0.08861541748046875,1.5999999999999996,10,0.0,2.8877148014689015e-64,0.01088537052015446,0,0,0,0,15.0,0.0,True
2022-11-14 20:38:27.712007,L,0.08607220649719238,1.5999999999999996,10,0.0,5.775429602937803e-65,0.010060556598034433,0,0,0,0,15.0,0.0,True
2022-11-14 20:38:27.807085,L,0.09370565414428711,1.5999999999999996,10,0.0,1.1550859205875607e-65,0.011141087087325472,0,0,0,0,15.0,0.0,True
2022-11-14 20:38:27.893377,L,0.08649611473083496,3.5999999999999996,10,0.0,2.3101718411751216e-66,0.010688339826932302,0,0,0,0,15.0,0.0,True
2022-11-14 20:38:27.981439,L,0.0862424373626709,3.5999999999999996,10,0.0,4.620343682350244e-67,0.010474774532517987,0,0,0,0,15.0,0.0,True
2022-11-14 20:38:28.069667,L,0.08957648277282715,3.5999999999999996,10,0.0,9.240687364700488e-68,0.01091354381511598,0,0,0,0,15.0,0.0,True
2022-11-14 20:38:28.161768,L,0.09199118614196777,3.5999999999999996,10,0.0,1.8481374729400973e-68,0.010383383054556753,0,0,0,0,15.0,0.0,True
2022-11-14 20:38:28.301878,L,0.08905911445617676,3.5999999999999996,10,0.0,3.696274945880195e-69,0.010781695655178962,0,0,0,0,15.0,0.0,True
2022-11-14 20:38:28.343916,L,0.09125041961669922,3.5999999999999996,10,0.0,7.392549891760391e-70,0.010898885183299928,0,0,0,0,15.0,0.0,True
2022-11-14 20:38:28.432997,L,0.08827948570251465,-0.7999999999999998,10,0.0,1.478509978352078e-70,0.010374081625252187,0,0,0,0,15.0,0.0,True
2022-11-14 20:38:28.540103,L,0.09113025665283203,-2.0,10,0.0,2.9570199567041567e-71,0.011268789817347044,0,0,0,0,15.0,0.0,True
2022-11-14 20:38:28.615162,L,0.09116744995117188,-2.0,10,0.0,5.914039913408314e-72,0.010288244612262881,0,0,0,0,15.0,0.0,True
2022-11-14 20:38:28.705245,L,0.09020066261291504,2.0999999999999996,10,0.0,1.1828079826816627e-72,0.010923092102175595,0,0,0,0,15.0,0.0,True
2022-11-14 20:38:28.796547,L,0.09049224853515625,2.0999999999999996,10,0.0,2.3656159653633252e-73,0.010663793475936536,0,0,0,0,15.0,0.0,True
2022-11-14 20:38:28.887630,L,0.09020185470581055,-0.10000000000000009,10,0.0,4.731231930726651e-74,0.010669777151741309,0,0,0,0,15.0,0.0,True
2022-11-14 20:38:29.004736,L,0.08820247650146484,-0.10000000000000009,10,0.0,9.462463861453303e-75,0.010898885183299928,0,0,0,0,15.0,0.0,True
2022-11-14 20:38:29.066793,L,0.08988785743713379,-0.10000000000000009,10,0.0,1.8924927722906606e-75,0.010270354826481063,0,0,0,0,15.0,0.0,True
2022-11-14 20:38:29.157876,L,0.09037661552429199,0.7999999999999998,10,0.0,3.7849855445813215e-76,0.011247997584300477,0,0,0,0,15.0,0.0,True
2022-11-14 20:38:29.247212,L,0.08915948867797852,0.7999999999999998,10,0.0,7.569971089162642e-77,0.0105460919053179,0,0,0,0,15.0,0.0,True
2022-11-14 20:38:29.338525,L,0.09149980545043945,0.7999999999999998,10,0.0,1.5139942178325286e-77,0.010759170795094558,0,0,0,0,15.0,0.0,True
2022-11-14 20:38:29.440617,L,0.10098814964294434,0.7999999999999998,10,0.0,3.0279884356650576e-78,0.010345462910578323,0,0,0,0,15.0,0.0,True
2022-11-14 20:38:29.530681,L,0.08921241760253906,0.7999999999999998,10,0.0,6.055976871330115e-79,0.011013149727241914,0,0,0,0,15.0,0.0,True
2022-11-14 20:38:29.620771,L,0.08974003791809082,1.4000000000000004,10,0.0,1.2111953742660231e-79,0.010655221795120035,0,0,0,0,15.0,0.0,True
2022-11-14 20:38:29.709843,L,0.0892632007598877,1.4000000000000004,10,0.0,2.422390748532046e-80,0.010350403073761137,0,0,0,0,15.0,0.0,True
2022-11-14 20:38:29.801146,L,0.09093832969665527,1.4000000000000004,10,0.0,4.844781497064092e-81,0.011011606400990599,0,0,0,0,15.0,0.0,True
2022-11-14 20:38:29.893451,L,0.09136438369750977,1.4000000000000004,10,0.0,9.689562994128186e-82,0.010075239551643838,0,0,0,0,15.0,0.0,True
2022-11-14 20:38:29.983531,L,0.08985304832458496,1.4000000000000004,10,0.0,1.937912598825637e-82,0.01127528660789338,0,0,0,0,15.0,0.0,True
2022-11-14 20:38:30.075632,L,0.09236431121826172,1.4000000000000004,10,0.0,3.875825197651275e-83,0.010491496165877743,0,0,0,0,15.0,0.0,True
2022-11-14 20:38:30.167836,L,0.09167623519897461,3.2,10,0.0,7.751650395302549e-84,0.010789566948636512,0,0,0,0,15.0,0.0,True
2022-11-14 20:38:30.263923,L,0.08731555938720703,3.2,10,0.0,1.5503300790605101e-84,0.010657671338651028,0,0,0,0,15.0,0.0,True
2022-11-14 20:38:30.350713,L,0.09305858612060547,3.2,10,0.0,3.1006601581210203e-85,0.010446623178864318,0,0,0,0,15.0,0.0,True
2022-11-14 20:38:30.443801,L,0.09300494194030762,3.8,10,0.0,6.2013203162420414e-86,0.011005445517221648,0,0,0,0,15.0,0.0,True
2022-11-14 20:38:30.535881,L,0.09257316589355469,3.8,10,0.0,1.240264063248408e-86,0.010456184799214384,0,0,0,0,15.0,0.0,True
2022-11-14 20:38:30.621959,L,0.08522391319274902,3.4000000000000004,10,0.0,2.4805281264968165e-87,0.011201674032595655,0,0,0,0,15.0,0.0,True
2022-11-14 20:38:30.695363,L,0.07751822471618652,3.4000000000000004,10,0.0,4.961056252993633e-88,0.010651625159717976,0,0,0,0,15.0,0.0,True
2022-11-14 20:38:30.776676,L,0.07841968536376953,3.4000000000000004,10,0.0,9.922112505987267e-89,0.010053455101869242,0,0,0,0,15.0,0.0,True
2022-11-14 20:38:30.841318,L,0.07772302627563477,3.4000000000000004,10,0.0,1.9844225011974537e-89,0.010675412425031748,0,0,0,0,15.0,0.0,True
2022-11-14 20:38:30.935074,L,0.0786130428314209,3.4000000000000004,10,0.0,3.968845002394907e-90,0.011217807423418297,0,0,0,0,15.0,0.0,True
2022-11-14 20:38:31.000669,L,0.07839632034301758,3.4000000000000004,10,0.0,7.937690004789815e-91,0.010868142728514388,0,0,0,0,15.0,0.0,True
2022-11-14 20:38:31.078799,L,0.07976984977722168,3.4000000000000004,10,0.0,1.5875380009579633e-91,0.010378109673615517,0,0,0,0,15.0,0.0,True
2022-11-14 20:38:31.160116,L,0.08139228820800781,0.5999999999999996,10,0.0,3.175076001915927e-92,0.010681693407813133,0,0,0,0,15.0,0.0,True
2022-11-14 20:38:31.240868,L,0.07967543601989746,0.5999999999999996,10,0.0,6.3501520038318545e-93,0.011130858455876006,0,0,0,0,15.0,0.0,True
2022-11-14 20:38:31.334623,L,0.08834171295166016,-0.5,10,0.0,1.270030400766371e-93,0.010663793475936536,0,0,0,0,15.0,0.0,True
2022-11-14 20:38:31.447090,L,0.08420634269714355,-0.5,10,0.0,2.5400608015327425e-94,0.010563517980019421,0,0,0,0,15.0,0.0,True
2022-11-14 20:38:31.509596,L,0.08144021034240723,-0.5,10,0.0,5.080121603065485e-95,0.011211561734090306,0,0,0,0,15.0,0.0,True
2022-11-14 20:38:31.588990,L,0.07880663871765137,1.0999999999999996,10,0.0,1.016024320613097e-95,0.010654015556583395,0,0,0,0,15.0,0.0,True
2022-11-14 20:38:31.674356,L,0.07822394371032715,1.0999999999999996,10,0.0,2.032048641226194e-96,0.010374399746950933,0,0,0,0,15.0,0.0,True
2022-11-14 20:38:31.745478,L,0.07770156860351562,1.0999999999999996,10,0.0,4.0640972824523877e-97,0.010563517980019421,0,0,0,0,15.0,0.0,True
2022-11-14 20:38:31.815295,L,0.07735538482666016,1.0999999999999996,10,0.0,8.128194564904777e-98,0.011347870362625802,0,0,0,0,15.0,0.0,True
2022-11-14 20:38:31.896546,L,0.0774393081665039,1.0999999999999996,10,0.0,1.6256389129809554e-98,0.010768189773526483,0,0,0,0,15.0,0.0,True
2022-11-14 20:38:31.977508,L,0.07732582092285156,1.0999999999999996,10,0.0,3.251277825961911e-99,0.010752623371848076,0,0,0,0,15.0,0.0,True
2022-11-14 20:38:32.058103,L,0.07799291610717773,1.0999999999999996,10,0.0,6.502555651923823e-100,0.010333483638194538,0,0,0,0,15.0,0.0,True
2022-11-14 20:38:32.139794,L,0.09122323989868164,1.0999999999999996,10,0.0,1.3005111303847645e-100,0.010665033527787783,0,0,0,0,15.0,0.0,True
2022-11-14 20:38:32.220598,L,0.08132195472717285,1.0999999999999996,10,0.0,2.601022260769529e-101,0.01088167050160525,0,0,0,0,15.0,0.0,True
2022-11-14 20:38:32.333165,L,0.07853913307189941,1.0999999999999996,10,0.0,5.2020445215390585e-102,0.010649311634003315,0,0,0,0,15.0,0.0,True
2022-11-14 20:38:32.380043,L,0.07773876190185547,1.0999999999999996,10,0.0,1.0404089043078118e-102,0.010360962409245465,0,0,0,0,15.0,0.0,True
2022-11-14 20:38:32.461281,L,0.08021664619445801,1.7999999999999998,10,0.0,2.0808178086156236e-103,0.010878051098038076,0,0,0,0,15.0,0.0,True
2022-11-14 20:38:32.542542,L,0.07750630378723145,2.5999999999999996,10,0.0,4.161635617231248e-104,0.011199300046597669,0,0,0,0,15.0,0.0,True
2022-11-14 20:38:32.608114,L,0.07754731178283691,2.5999999999999996,10,0.0,8.323271234462497e-105,0.010654015556583395,0,0,0,0,15.0,0.0,True
2022-11-14 20:38:32.701870,L,0.07783865928649902,2.5999999999999996,10,0.0,1.6646542468924991e-105,0.01017773398489939,0,0,0,0,15.0,0.0,True
2022-11-14 20:38:32.766673,L,0.07719945907592773,2.5999999999999996,10,0.0,3.329308493784999e-106,0.010683018720927242,0,0,0,0,15.0,0.0,True
2022-11-14 20:38:32.845182,L,0.07706308364868164,-2.0,10,0.0,6.658616987569997e-107,0.011000245721513563,0,0,0,0,15.0,0.0,True
2022-11-14 20:38:32.925535,L,0.08307743072509766,-2.0,10,0.0,1.3317233975139997e-107,0.010654015556583395,0,0,0,0,15.0,0.0,True
2022-11-14 20:38:33.019293,L,0.08414673805236816,-2.0,10,0.0,2.6634467950279997e-108,0.01025161838075278,0,0,0,0,15.0,0.0,True
2022-11-14 20:38:33.099604,L,0.08632850646972656,1.2999999999999998,10,0.0,5.326893590055999e-109,0.011105087614632555,0,0,0,0,15.0,0.0,True
2022-11-14 20:38:33.180490,L,0.08490777015686035,-2.7,10,0.0,1.0653787180112e-109,0.010741691671075656,0,0,0,0,15.0,0.0,True
2022-11-14 20:38:33.274621,L,0.0772402286529541,-2.7,10,0.0,2.1307574360223995e-110,0.010153926964720773,0,0,0,0,15.0,0.0,True
2022-11-14 20:38:33.336768,L,0.07760453224182129,-2.7,10,0.0,4.2615148720448006e-111,0.010658835287521158,0,0,0,0,15.0,0.0,True
2022-11-14 20:38:33.414899,L,0.07736492156982422,-2.7,10,0.0,8.523029744089601e-112,0.011421333307826579,0,0,0,0,15.0,0.0,True
2022-11-14 20:38:33.493030,L,0.07669615745544434,-2.7,10,0.0,1.7046059488179201e-112,0.010748975876126927,0,0,0,0,15.0,0.0,True
2022-11-14 20:38:33.571160,L,0.07746481895446777,-2.7,10,0.0,3.40921189763584e-113,0.010729831806804563,0,0,0,0,15.0,0.0,True
2022-11-14 20:38:33.649275,L,0.07661724090576172,-2.7,10,0.0,6.81842379527168e-114,0.010445053932000781,0,0,0,0,15.0,0.0,True
2022-11-14 20:38:33.727414,L,0.07712960243225098,-2.7,10,0.0,1.3636847590543362e-114,0.010660839972333587,0,0,0,0,15.0,0.0,True
2022-11-14 20:38:33.805537,L,0.07658600807189941,-2.7,10,0.0,2.7273695181086726e-115,0.0110913075565979,0,0,0,0,15.0,0.0,True
2022-11-14 20:38:33.883685,L,0.07992243766784668,-2.7,10,0.0,5.454739036217345e-116,0.010648045357093893,0,0,0,0,15.0,0.0,True
2022-11-14 20:38:33.980892,L,0.08964300155639648,3.9000000000000004,10,0.0,1.0909478072434692e-116,0.010358377441494577,0,0,0,0,15.0,0.0,True
2022-11-14 20:38:34.059039,L,0.08775544166564941,3.9000000000000004,10,0.0,2.1818956144869384e-117,0.011129429465716306,0,0,0,0,15.0,0.0,True
2022-11-14 20:38:34.153142,L,0.0876767635345459,3.9000000000000004,10,0.0,4.363791228973877e-118,0.010459829920491963,0,0,0,0,15.0,0.0,True
2022-11-14 20:38:34.248871,L,0.08638310432434082,2.7,10,0.0,8.727582457947754e-119,0.010787002350931234,0,0,0,0,15.0,0.0,True
2022-11-14 20:38:34.330277,L,0.08655381202697754,2.7,10,0.0,1.745516491589551e-119,0.010986716398782376,0,0,0,0,15.0,0.0,True
